UniqueID,Location,Latitude,Longitude,Area
cpt_1087,Madikwe South Africa,-25.355278,26.531389,1.45
lpi_11483,"'Clay' area, Gorodok, Vitebsk region Belarus",55,31,3.178
cpt_1287,"San Miguel Hill, San Miguel Island United States",34.03972,-120.37543,3.38
cpt_1285,"Dry Lakebed, San Miguel Island United States",34.03972,-120.37543,3.4
cpt_1286,"Willow Canyon, San Miguel Island United States",33.601679,-116.911984,3.59
cpt_1432,Rollapadu Wildlife Sanctuary India,15.96666667,78.3,6.14
cpt_1431,Rollapadu Wildlife Sanctuary India,15.96666667,78.3,6.14
lpi_18495,"Tiputini Biodiversity Station, Orellana Province, Ecuador Ecuador",-0.616667,-76.166667,6.5
lpi_18678,"Tiputini Biodiversity Station, Orellana Province, Ecuador Ecuador",-0.616667,-76.166667,6.5
lpi_18681,"Tiputini Biodiversity Station, Orellana Province, Ecuador Ecuador",-0.616667,-76.166667,6.5
cpt_1281,Sand Island United States,47.25,-91.25,11.9
cpt_1465,Elkhorn United States,38.15,-121.05,20.87
cpt_1000,Keoladeo National Park India,27.735,77.5225,29
cpt_2319,Rural Forest Germany,49.4,6.9,30
cpt_1691,"Blackfeet Indian Reservation, Glacier County, Montana United States",48.577021,-112.877133,32
cpt_2085,Czempin - Control area Poland,52.15,16.75,32
lpi_13287,"Bow Valley watershed of Banff National Park, Alberta Canada",51.508146,-116.185553,32.87
lpi_12736,"Study area within Bow Valley, Banff National Park, Alberta Canada",51.166667,-115.566667,32.87
lpi_12737,"Study area within Bow Valley, Banff National Park, Alberta Canada",51.166667,-115.566667,32.87
cpt_2086,Czempin - Reduction area Poland,52.15,16.75,34
cpt_2095,"Round Valley, sierra Nevada United States",37.4,-118.5666667,35.8
lpi_19696,"Durango, South West Colorado, USA United States",37.308813,-107.888348,36.08
cpt_1684,San Miguel United States,35.7524679,-120.6962826,37.74
cpt_1685,San Miguel United States,35.7524679,-120.6962826,37.74
cpt_1279,San Miguel United States,35.7524679,-120.6962826,38
cpt_2107,Constanta Romania,44.1689214,28.6320122,39.26
cpt_1283,Stockton Island United States,47.25,-91.25,40.7
lpi_11485,"Sandy' area, Polotsk, Vitebsk region Belarus",55,29,40.77
cpt_2092,Sandringham Game Ranch South Africa,-24.54,31.19,44
cpt_2098,Arad Romania,46.1893168,21.3254748,46.18
cpt_2127,Arad Romania,46.1893168,21.3254748,46.18
cpt_2153,Arad Romania,46.1893168,21.3254748,46.18
cpt_1678,San Clemente United States,32.2193333,-110.9052276,49.52
cpt_1679,San Clemente United States,32.2193333,-110.9052276,49.52
cpt_1680,San Clemente United States,32.2193333,-110.9052276,49.52
cpt_2122,suceava Romania,44.2088537,28.6290131,52.1
cpt_2173,Suceava Romania,44.2088537,28.6290131,52.1
cpt_2148,Suceava Romania,44.2088537,28.6290131,52.1
cpt_1129,Silesian Beskid Mountains Poland,49.63333333,19.6,54
lpi_14541,"Cold Lake, Alberta Canada",54.661331,-110.07074,59.3
cpt_1697,"Kotzebue, Alaska United States",66.375,-158,68.63
cpt_2087,Czempin Poland,52.15,16.75,75
cpt_2104,Buzau Romania,45.2731954,26.704774,81.3
cpt_2133,Buzau Romania,45.2731954,26.704774,81.3
cpt_2159,Buzau Romania,45.2731954,26.704774,81.3
lpi_11012,"Bikin, Russian Far East Russian Federation",46.53333,135.38333,85
lpi_13245,"Norwegian Bay, Nunavut Canada",78.310956,-95.276473,87
cpt_2112,Hunedoara Romania,45.7610939,22.9005658,97.3
cpt_2166,Hunedoara Romania,45.7610939,22.9005658,97.3
cpt_2140,Hunedoara Romania,45.7610939,22.9005658,97.3
cpt_2093,Lihue Calel National Park Argentina,-37.95,-65.55,99
lpi_11486,100km2 area in Southern Finland Finland,60.780556,22.5,100
cpt_1942,Box Canyon United States,45.69419,-120.623364,104
lpi_6128,NW Bristol United Kingdom,51.45,-2.58333,110
cpt_1106,Taita Hills Kenya,-3.38305,38.36261,112
cpt_1744,Wind Cave National Park United States,43.552,-103.4736667,115
cpt_1802,Don Edwards San Francisco Bay National Wildlife Refuge United States,37.4935061,-122.0567486,120
cpt_2121,Sibiu Romania,45.7999767,24.1615374,121
cpt_2172,Sibiu Romania,45.7999767,24.1615374,121
cpt_2147,Sibiu Romania,45.7999767,24.1615374,121
lpi_22756,"Okanagan, British Columbia Canada",49.85923,-119.03137,122.19
lpi_22822,"Okanagan, British Columbia Canada",49.85923,-119.03137,122.19
lpi_22841,"Okanagan, British Columbia Canada",49.85923,-119.03137,122.19
lpi_22852,"Okanagan, British Columbia Canada",49.85923,-119.03137,122.19
cpt_1891,Karrak Lake Canada,67.23333333,-100.25,128
lpi_19712,"130.8km2 area on north-eastern border of Amana Lake, Amana Sustainable Development Reserve, Central Amazonia Brazil",-2.490745,-64.675089,130.8
cpt_1763,Naval Petroleum Reserves California United States,35.187133,-117.885359,135
cpt_966,Grimso Wildlife Research Area Sweden,59.66666667,15.5,140
cpt_1929,Pinon Canyon Maneuver site United States,35.032088,-101.919583,145
cpt_2120,Satu Mare Romania,47.7694811,22.8772858,150.3
cpt_2146,Satu Mare Romania,47.7694811,22.8772858,150.3
cpt_2108,Covasna Romania,45.8581148,26.1466716,155.1
cpt_2162,Covasna Romania,45.8581148,26.1466716,155.1
cpt_2136,Covasna Romania,45.8581148,26.1466716,155.1
lpi_11279,"Seoraksan Mountains, Republic of Korea Korea, Republic Of",38,128,163.6
cpt_1115,Samburu Kenya,-3.7790297,39.2742101,165
cpt_1410,Camp Roberts United States,35.75,-120.75,172
cpt_1409,Camp Roberts United States,35.75,-120.75,172
cpt_2106,Cluj Romania,46.7730973,23.6292803,179.5
cpt_2135,Cluj Romania,46.7730973,23.6292803,179.5
cpt_2161,Cluj Romania,46.7730973,23.6292803,179.5
cpt_2242,Rochester Canada,49.885507,-97.1440862,180
cpt_1789,Banff National Park Canada,50.71671,-100.51755,181
cpt_2267,Kwandwe Private Game Reserve South Africa,-33.15,26.53,183
cpt_1793,Mednyi Island Russian Federation,55.3,166.8666667,187
cpt_1794,Mednyi Island Russian Federation,55.3,166.8666667,187
cpt_1681,San Catalina United States,33.810513,-117.9201028,194.2
cpt_1683,San Catalina United States,33.810513,-117.9201028,194.2
cpt_1682,San Catalina United States,33.810513,-117.9201028,194.2
cpt_2241,Santa Catalina Island United States,26.650971,-98.55128,194.2
cpt_1881,Phinda Private Game Reserve South Africa,-27.81,32.33,210
cpt_1816,Lynne United States,44.001603,-90.087324,211
cpt_1761,Naval Petroleum Reserves United States,37.9,-121.86,216
cpt_1280,Santa Rosa United States,18.3315216,-66.7444003,216
cpt_1093,Kwandwe South Africa,-33.1338013,26.5791168,220
cpt_1603,Phinda Private Game Reserve South Africa,-27.825,32.15,220
cpt_1604,Phinda Private Game Reserve South Africa,-27.825,32.15,220
lpi_11294,"Tsagaan Shuvuut Mountains  SPA, Uvs Province, Mogolia Mongolia",50.36667,91.08333,220
cpt_1928,Pinon Canyon Maneuver site United States,35.032088,-101.919583,230
cpt_965,Nagarahole Reserve India,12.0022395,76.2029336,231
cpt_1818,Jwana Game Reserve Botswana,-24.55155,24.723,233
cpt_1774,Phinda Private Game Reserve South Africa,-27.6,32.26666667,234
cpt_1730,Cantabrian range Spain,43.2001143,-4.8478214,235
cpt_1725,Pisgah Bear Sanctuary United States,32.90874,-97.58419,235
cpt_1726,Pisgah Bear Sanctuary United States,32.90874,-97.58419,235
cpt_1727,Pisgah Bear Sanctuary United States,32.90874,-97.58419,235
cpt_1728,Pisgah Bear Sanctuary United States,32.90874,-97.58419,235
cpt_2065,Pisgah Bear Sanctuary United States,35.28333333,-82.78333333,235
cpt_2066,Pisgah Bear Sanctuary United States,35.28333333,-82.78333333,235
cpt_2067,Pisgah Bear Sanctuary United States,35.28333333,-82.78333333,235
cpt_2068,Pisgah Bear Sanctuary United States,35.28333333,-82.78333333,235
cpt_1941,Idaho National Engineering Labaratory United States,43.517,-112.046,238
cpt_2016,Kuala Kampar Indonesia,0.3986392,103.1531989,243
cpt_1278,Santa Cruz United States,33.247581,-117.310219,243
lpi_9888,"Lewa Nature Conservancy, Kenya Kenya",0.22139,37.44806,250
lpi_9864,"Lewa Wildlife Conservancy, Kenya Kenya",0.22139,37.44806,250
cpt_1811,"Ngorongoro Crater Tanzania, United Republic of",-3.18,35.55,250
cpt_1812,"Ngorongoro Crater Tanzania, United Republic of",-3.18,35.55,250
cpt_1813,"Ngorongoro Crater Tanzania, United Republic of",-3.18,35.55,250
cpt_1940,"Ngorongoro crater Tanzania, United Republic of",-3.18,35.55,250
cpt_1939,"Ngorongoro crater Tanzania, United Republic of",-3.18,35.55,250
cpt_1686,Santa Cruz United States,33.247581,-117.310219,250
cpt_1687,Santa Cruz United States,33.247581,-117.310219,250
cpt_2081,Lake Mburo National Park Uganda,-0.611053,30.9812126,260
cpt_2103,Brasov Romania,45.6612074,25.6135857,267.3
cpt_2132,Brasov Romania,45.6612074,25.6135857,267.3
cpt_2158,Brasov Romania,45.6612074,25.6135857,267.3
cpt_1749,Pointe Coupee Parish United States,38.262174,-81.301347,270
cpt_1642,Gumot National Park Pakistan,34.59,73.88,272.71
cpt_969,Pench Tiger Reserve India,21.78333333,79.39166667,274.4
cpt_1075,Phinda South Africa,-27.9180863,32.2075333,285.55
cpt_979,Hluhluwe South Africa,-28.21666667,32.26666667,300
cpt_1118,Tembe South Africa,-33.9613281,18.5024984,300.1
lpi_18772,"Mudumalai Tiger Reserve, Tamil Nadu India",11.616667,76.566667,321
lpi_18251,Lihue Calel National Park Argentina,-37.95,-65.55,325.1
cpt_1745,Great Smoky Mountains National Park United States,32.533133,-82.912405,330
cpt_1810,Kluane Canada,61.0192469,-137.9671979,350
cpt_1019,Zywiecki Lanscape Park Poland,49.63333333,19.6,359
cpt_1097,Ol Pejeta Conservancy Kenya,0.0619483,36.9031513,360
cpt_1102,Welgevonden South Africa,-28.7576466,24.7630486,360
cpt_1078,Malilangwe Zimbabwe,-20.57,32.096,400
lpi_22758,"West Kootenay, British Columbia Canada",49.40409,-118.94213,400
lpi_22824,"West Kootenay, British Columbia Canada",49.40409,-118.94213,400
lpi_22843,"West Kootenay, British Columbia Canada",49.40409,-118.94213,400
lpi_22854,"West Kootenay, British Columbia Canada",49.40409,-118.94213,400
lpi_11010,"Ussurisk Zapovednik, Russian Far East Russian Federation",43.76667,132.06667,404.3
lpi_11021,"Ussuriski Raion, Russian Far East Russian Federation",43.68333,132.18333,404.3
cpt_2275,Simien Mountains National Park Ethiopia,13.02583333,38.01,412
lpi_5813,"Corcovado National Park (418 km2), Osa Peninsula, southwestern Costa Rica. Costa Rica",8.55,-83.58333,418
lpi_5899,"Corcovado National Park (418 km2), Osa Peninsula, southwestern Costa Rica. Costa Rica",8.55,-83.58333,418
lpi_5901,"Corcovado National Park (418 km2), Osa Peninsula, southwestern Costa Rica. Costa Rica",8.55,-83.58333,418
lpi_5902,"Corcovado National Park (418 km2), Osa Peninsula, southwestern Costa Rica. Costa Rica",8.55,-83.58333,418
lpi_11031,"Suhelwa, Uttar Pradesh, India India",27.75,82.05,452
lpi_11018,"Bolshe-Khekhtsirsky Zapovednik, Russian Far East Russian Federation",48.18333,134.86667,454.39
cpt_1815,Ocala National Forest United States,29.3785246,-81.8084697,468
lpi_11280,"Jirisan Mountains, Republic of Korea Korea, Republic Of",35.31667,127.71667,471.75
cpt_1011,Samos Greece,37.7522668,26.9766883,477.4
cpt_1120,Cockscomb Basin Wildlife Sanctuary Belize,16.7800574,-88.4574043,490
cpt_1056,Donana Biological reserve Spain,37,-6.5,500
cpt_2244,"Abruzzo, Lazio and Molise National Park Italy",42.83333,12.83333,507
lpi_11028,"Corbett, Uttarakhand, India India",29.45,79.13333,520.8
lpi_18002,"La Mauricie National Park, Quebec Canada",46.778085,-72.957967,536
cpt_2036,Mazatzal Mountains United States,33.70866,-111.36485,536
cpt_1795,Panna Tiger Reserve India,24.59,79.94,542.7
lpi_10685,Doñana National Park and peripheral area Spain,36.93333,-6.35,543
lpi_10690,"Doñana-Aljarafe, Spain Spain",36.93333,-6.35,543
cpt_1274,Donana Spain,36.7401328,-3.9515718,543
cpt_2035,Isle Royale National Park United States,48.0020629,-88.8411052,544
lpi_637,"Chatkal Biosphere Nature Reserve, Uzbekistan Uzbekistan",41.13306,69.98306,570
cpt_1098,Pilanesberg South Africa,-34.0846196,18.436278,572
cpt_1050,Central Washington United States,47.6126937,-122.3032046,594
cpt_2018,Bukit Due Belas Indonesia,-1.9513057,102.7018452,605
cpt_1144,Kumbhalgarh Wildlife Sanctuary India,25.33333333,73.41666667,610
cpt_1141,Kumbhalgarh Wildlife Sanctuary India,25.33333333,73.41666667,610
cpt_1143,Kumbhalgarh Wildlife Sanctuary India,25.33333333,73.41666667,610
cpt_1145,Kumbhalgarh Wildlife Sanctuary India,25.33333333,73.41666667,610
cpt_1146,Kumbhalgarh Wildlife Sanctuary India,25.33333333,73.41666667,610
cpt_1142,Kumbhalgarh Wildlife Sanctuary India,25.33333333,73.41666667,610
cpt_2306,Kumbhalgarh Wildlife Sanctuary India,25.33333333,73.41666667,610
cpt_1663,Kumbhalgarh Wildlife Sanctuary India,25.33333333,73.41666667,610
cpt_1664,Kumbhalgarh Wildlife Sanctuary India,25.33333333,73.41666667,610
cpt_1665,Kumbhalgarh Wildlife Sanctuary India,25.33333333,73.41666667,610
cpt_1662,Kumbhalgarh Wildlife Sanctuary India,25.33333333,73.41666667,610
cpt_1661,Kumbhalgarh Wildlife Sanctuary India,25.33333333,73.41666667,610
cpt_1660,Kumbhalgarh Wildlife Sanctuary India,25.33333333,73.41666667,610
cpt_2212,Alligator River National Wildlife Refuge United States,35.7918344,-75.83296,615.1
cpt_2257,Madikwe Game Reserve South Africa,-24.79,26.3,620
cpt_1704,Santa Monica Mountains United States,34.12028,-118.93176,634.03
cpt_2072,Tennesee United States,32.4553681,-106.4894389,645
cpt_1746,White River National Wildlife Refuge United States,34.2917688,-91.0751144,650
cpt_1747,White River National Wildlife Refuge United States,34.2917688,-91.0751144,650
cpt_1748,White River National Wildlife Refuge United States,34.2917688,-91.0751144,650
cpt_1757,Cle Elum United States,47.1948651,-120.9401557,655
cpt_1580,iMfolozi South Africa,-28.21666667,32.26666667,660
lpi_19795,"Iguazú National Park, Misiones Argentina",-25.606395,-54.382679,677
cpt_1079,Nairobi Kenya,-1.2519977,36.8933337,696
cpt_1989,Hancock and Washington Counties United States,45.58333333,-67.91666667,700
cpt_1990,Hancock and Washington Counties United States,45.58333333,-67.91666667,700
cpt_1049,Northeast Washington United States,38.9199156,-76.980031,735
cpt_1088,Washington State Unit 105 United States,41.010704,-73.991445,735
cpt_1971,Portneuf Canada,46.6972611,-71.8984653,774
cpt_1892,Sheep River Alberta Canada,50.65,-114.6333333,780
cpt_1970,Saint-Maurice Canada,46.437024,-72.4920238,784
lpi_10705,"An area of  800 km2 at the Lovat River head in the Gorodok district,Vitebsk region Belarus",55.53333,30.11667,800
cpt_2180,Mundanthurai Tiger Reserve India,8.5,77.375,817
lpi_10079,"Chilla Range, Rajaji National Park, India India",29.91667,78.25,820
lpi_10080,"Chilla Range, Rajaji National Park, India India",29.91667,78.25,820
lpi_11026,"Rajaji, Uttarackhand India",30.11667,78.05,820
cpt_2211,Kluhluwe-iMfolozi Park South Africa,-28.2,31.95,900
cpt_1057,Grasslands National Park Canada,49.28333333,-108.6916667,907
cpt_2184,Blackfoot river watershed United States,47.03,-113.57,915
lpi_11050,"Western sector, Chitwan National Park, Nepal Nepal",27.53333,84.46667,932
cpt_1743,Oquirrh Mountains United States,40.57745,-112.18244,950
cpt_1927,Southern Pindos Greece,39.6305,21.3711,954.33
cpt_2202,Pinon Canyon Maneuver Site United States,35.032088,-101.919583,955
cpt_1083,Hluhluwe Imfolozi South Africa,-28.2505867,31.9899411,960
cpt_1701,Hluhluwe-iMfolozi Park South Africa,-28.3372222,31.7341667,960
lpi_4955,"Hluhluwe-Umfolozi Park, South Africa South Africa",-28.25944,31.90472,960
lpi_8485,"Bardia National Park, Nepal Nepal",28.3,81.41667,968
cpt_1926,Central Pindos Greece,39.9197,21.4054,999.72
lpi_4363,"100km southeast of Whitehorse, south-central Yukon Canada",60.25,-135.33333,1000
lpi_8200,"Agapa River Valley, Taimyr Russian Federation",76.01667,104.01667,1000
lpi_2233,Alaskan Stock United States,64.00028,-150.00028,1000
lpi_10755,Albanian Alps & Central-Central East Albania Albania,42.43333,19.88333,1000
cpt_1331,Argentina Argentina,-35.1458014,-62.7306676,1000
cpt_964,Bakersfield United States,35.6425105,-86.9871783,1000
cpt_1674,Barter & Prudhoe United States,70.11,-143.65,1000
cpt_1463,Belridge-McKittrick United States,35.30552,-119.62262,1000
cpt_1464,Blackwells Corner United States,35.614889,-119.8677722,1000
cpt_1090,Bubye Zimbabwe,-21.33333,29.93333,1000
lpi_19692,"Campus 1, University of Passo Fundo, Rio Grande do Sul Brazil",-28.229444,-52.388056,1000
lpi_22764,"Cassiar, British Columbia Canada",59.498332,-128.978894,1000
cpt_1948,Central Finland Finland,62.531014,25.5056833,1000
cpt_1801,Central Idaho experimental populatio narea United States,43.806,-114.12,1000
cpt_1722,Central Idaho United States,43.98,-114.55,1000
cpt_2026,Central Sanetti Ethiopia,7,39.75,1000
cpt_2027,Central Sanetti Ethiopia,6.84,39.85,1000
lpi_11512,"Cessey-sur-Tille, Côte-d'Or departement, Bourgogne region France",47.280556,5.227778,1000
cpt_1984,Champagne France,45.003689,4.2920832,1000
cpt_1985,Champagne France,45.003689,4.2920832,1000
cpt_1910,Chawalo community program Mozambique,-15.6,30.54,1000
cpt_1904,Chifunde community program Mozambique,-14.8,32.8,1000
cpt_1911,Chifunde district Mozambique,-14.8,32.8,1000
cpt_1906,ChipChiputu community program Mozambique,-15.4,32.6,1000
cpt_1905,Chipera community program Mozambique,-15.4,32.5,1000
cpt_1329,Chuckwalla- Ambach Canada,51.79,-127.3,1000
lpi_2232,Chukchi/Bering Sea Stock United States,51.65,179.43,1000
cpt_1334,Colombia Colombia,7.2199847,-75.3771368,1000
lpi_4626,"Cordillera Cantabrica, Northern Spain Spain",43,-5,1000
lpi_18027,"East/West Road, Wildlife Management Zone 69, Saskatchewan Canada",54.592748,-109.002596,1000
cpt_1594,Ecuador Ecuador,-0.94,-78.7,1000
cpt_1908,Extension community program Mozambique,-18.25,35,1000
lpi_18500,"GeneraSalto road, Tuvo State Park, southernmost Brazil Brazil",-27.201219,-53.904364,1000
lpi_11513,"GIC Petit Gibier, Vallée de l'Ouche, Côte-d'Or departement, Bourgogne region France",47.25,4.766667,1000
cpt_2049,Gomondwane South Africa,-25.2551039,31.845358,1000
lpi_10697,"Guadalmellato, Córdoba, Spain Spain",37.91667,-4.75,1000
cpt_1885,Gulf of Boothia Canada,70.3,-83.1,1000
lpi_10555,"Hajós-Szentgyörgy, between between the Danube and the Tisza, Bács-Kiskun county Hungary",46.348764,19.128822,1000
lpi_2356,"Hardangervidda, Snøhetta, Nordland, Troms, Finnmark, Lierne og Holtålen Norway",62,10,1000
cpt_1709,Horseranch Canada,59.5149874,-129.0001239,1000
cpt_1708,Horseranch Canada,59.5149874,-129.0001239,1000
lpi_6166,"Kilpisjärvi, N/W Finland Finland",69.05,20.8,1000
lpi_18761,"Kluane Lake Research Station, Yukon, Canada Canada",61.027592,-138.41045,1000
lpi_18771,"Kluane Lake Research Station, Yukon, Canada Canada",61.027592,-138.41045,1000
cpt_1038,Mara Reserve and adjacent Koyaki group ranch Kenya,-1.4,34.925,1000
cpt_1040,Mara Reserve and adjacent Koyaki group ranch Kenya,-1.4,34.925,1000
cpt_1080,"Matambwe Tanzania, United Republic of",-7.53,37.77,1000
cpt_2050,Mbyamiti South Africa,-25.31574,31.74805,1000
lpi_18028,"McBride Lake, Wildlife Management Zone 56, Saskatchewan Canada",52.461776,-102.431123,1000
cpt_2224,Mount Clintock Chanel Canada,60.8,-134.1,1000
cpt_1909,Muze community program Mozambique,-15.06,31.16,1000
cpt_1760,Naval Pertroleum Reserves United States,37.9,-121.86,1000
cpt_1759,Naval Pertroleum Reserves United States,37.9,-121.86,1000
cpt_1328,"Neechanz- Genesee, British Columbia Canada",51.55,-126.66,1000
cpt_2052,Newu South Africa,-25.293672,31.4250824,1000
cpt_1907,Nhenda community program Mozambique,-15.53,31.9,1000
cpt_2055,Nomad South Africa,-26.234575,28.1845333,1000
cpt_1798,Northwest Montana Recovery Area United States,36.12505,-78.697602,1000
cpt_2051,Nwaswitshaka South Africa,-25.0358635,31.5135898,1000
cpt_1113,Ongava Namibia,-22.5010334,17.0569798,1000
cpt_1466,Oritgalita United States,36.95,-120.87,1000
cpt_1467,Panoche United States,36.5968992,-120.8335144,1000
lpi_11514,"Pleine de Genlis, Côte-d'Or departement, Bourgogne region France",47.233333,5.222222,1000
cpt_2045,Pretoriuskop South Africa,-30.6492,23.0775,1000
lpi_123,"QE Conservation Area, Ishasha sector, Uganda Uganda",-0.25,30.18639,1000
lpi_124,"QE Conservation Area, Mweya, Uganda Uganda",-0.25,30.18639,1000
lpi_125,"QE Conservation Area, Northern sector Uganda",-0.25,30.18639,1000
lpi_12912,"Queens County study area, Nova Scotia Canada",44.333333,-65.25,1000
lpi_11517,"Saône-Nacey (area around Auxonne), Côte-d'Or departement, Bourgogne region France",47.197222,5.378889,1000
lpi_18483,"Santa Fé Ranch, Araguaia River basin Brazil",-9.566667,-50.35,1000
cpt_2015,Senepis Buluhala Indonesia,1.91071,101.30214,1000
cpt_1012,Serres Greece,41.2652068,23.5980381,1000
lpi_6188,"Sevilleta National Wildlife Refuge, USA United States",34.33639,-106.8075,1000
cpt_1643,Shontar Valley Pakistan,34.85,74.42,1000
cpt_2009,Sibolga & Batang Toru Indonesia,1.431,98.7821,1000
cpt_1275,Sierra Morena Spain,39.5603408,-3.4260443,1000
cpt_2044,Skukuza South Africa,-24.995703,31.5925615,1000
cpt_2218,southern Lake Superior United States,47.04996,-86.50245,1000
cpt_1018,Southern Neuquen Province Argentina,-40,-71,1000
cpt_1936,South-Western Low Mountain Range Germany,49.68333,8.85,1000
cpt_1705,Spatsizi Park Canada,50.71671,-100.51755,1000
cpt_1468,Taft-Fellows United States,35.17858,-119.54123,1000
cpt_1644,Taobat Pakistan,34.7377227,74.6914449,1000
lpi_11024,"Terney Hunting Lease, Russian Far East Russian Federation",45.41667,136.81667,1000
cpt_2017,Tesso Nilo Indonesia,0.3939334,101.8327314,1000
lpi_12685,"The Nestor One Study Area, Cape Churchil, Manitoba Canada",58.566667,-93.183333,1000
cpt_2053,Thekwane South Africa,-25.6377778,27.3738889,1000
lpi_11518,"Tille-La Norges, Côte-d'Or departement, Bourgogne region France",47.4,5.158333,1000
cpt_2320,Transition Zone Germany,49.4,6.9,1000
cpt_971,"Treatment Area - San Andres, New Mexico United States",35.631527,-105.974179,1000
cpt_968,"Treatment Area - San Andres, New Mexico United States",35.631527,-105.974179,1000
lpi_11292,"Turgen Mountain SPA, Uvs Province, Mongolia Mongolia",49.8,91.25,1000
cpt_2043,Upper Peninsula Michigan United States,46.5436104,-87.3962884,1000
lpi_11515,"Val de Saône, Côte-d'Or departement, Bourgogne region France",47.35,5.433333,1000
lpi_11519,"Val de Seine, Côte-d'Or departement, Bourgogne region France",47.95,4.505556,1000
cpt_2277,Valais Switzerland,46.2166976,6.1413524,1000
lpi_5895,"Varriotunturi fell area, Eastern Itakaira, Eastern Finnish Forest Lapland Finland",67.75,29.5,1000
lpi_5897,"Varriotunturi fell area, Eastern Itakaira, Eastern Finnish Forest Lapland Finland",67.75,29.5,1000
lpi_5894,"Varriotunturi fell area, Eastern Itakaira, Eastern Finnish Forest Lapland Finland",67.75,29.5,1000
lpi_5896,"Varriotunturi fell area, Eastern Itakaira, Eastern Finnish Forest Lapland Finland",67.75,29.5,1000
lpi_5893,"Varriotunturi fell area, Eastern Itakaira, Eastern Finnish Forest Lapland Finland",67.75,29.5,1000
lpi_5898,"Varriotunturi fell area, Eastern Itakaira, Eastern Finnish Forest Lapland Finland",67.75,29.5,1000
lpi_11495,"Villecomte, Côte-d'Or departement, Bourgogne region France",47.508333,5.033333,1000
lpi_11516,"Vingeanne, Côte-d'Or departement, Bourgogne region France",47.55,5.45,1000
cpt_1014,Vistonida-Nestos Greece,41.03235,24.6376,1000
lpi_18880,"Volcan Barva TEAM site, between La Selva Biological Station and Braulio Carrillo National Park, north-eastern Costa Rica Costa Rica",10.3028,-84.0338,1000
cpt_1330,Washwash- Inziana Canada,51.83,-126.69,1000
cpt_2024,Web Valley Ethiopia,7,39.75,1000
cpt_2025,Web Valley Ethiopia,7,39.75,1000
lpi_10684,"Western Subpopulation, Eastern Sierra Morena, Spain Spain",38.26667,-4.23333,1000
lpi_3481,"Wood Mountain Area, Saskatchewan Canada",49.18,-107.497222,1000
lpi_8221,"Zackenbergdalen, Northeast Greenland Greenland",74.08333,-21,1000
cpt_1925,Northern Pindos Greece,40.3707,21.0907,1066.22
cpt_2010,Batang Gadis/Rimbo-Panti Indonesia,0.3623,100.0552,1080
lpi_18597,"Hunchun National Nature Reserve, eastern Jilin Province China",42.411111,130.235556,1087
cpt_1782,"Abruzzo, Lazio and Molise National Park Italy",42.83333,12.83333,1221
cpt_1110,Kainji Nigeria,9.8642194,4.6125263,1243
cpt_1924,Visti-Varnoundas Greece,40.6935,21.3192,1270.39
cpt_1107,Mbirikani Kenya,-2.5333,37.5333,1280
lpi_11030,"Dudhwa-Kheri-Pilibhit, Uttar Pradesh, India India",28.46667,80.7,1284.3
cpt_1741,Monroe mountain United States,35.6748095,-94.6174427,1300
cpt_2021,Way Kambas Indonesia,-7.9602348,112.6381069,1300
cpt_1064,Nakuru Wildlife Conservancy Kenya,0.459,36.20666667,1315.1
cpt_1062,Nakuru Wildlife Conservancy Kenya,0.459,36.20666667,1325.8
cpt_1059,Nakuru Wildlife Conservancy Kenya,0.459,36.20666667,1325.8
cpt_1061,Nakuru Wildlife Conservancy Kenya,0.459,36.20666667,1329.8
cpt_1063,Nakuru Wildlife Conservancy Kenya,0.459,36.20666667,1338
cpt_1060,Nakuru Wildlife Conservancy Kenya,0.459,36.20666667,1348.4
cpt_1058,Nakuru Wildlife Conservancy Kenya,0.459,36.20666667,1351.3
cpt_1930,McGrath United States,62.8,-155.5833333,1368
cpt_1967,Rouge-Mattawin Canada,46.5,-74.6,1394
lpi_230,"Gir Conservation Area, India India",21.33306,70.79167,1412
lpi_228,"Gir Forest, India India",21.33306,70.79167,1412
lpi_229,"Gir Forest, India India",21.33306,70.79167,1412
cpt_1084,Gir India,21.5179834,70.4499794,1412
cpt_1646,North-western Patagonia Argentina,-40,-71,1420
cpt_1645,North-western Patagonia Argentina,-40,-71,1420
cpt_2014,Bukit Tiga Puluh Indonesia,-1.0821129,102.5232867,1432
cpt_2080,Kidepo Valley National Park Uganda,3.9285909,33.8642097,1442
lpi_10520,"Los Amigos River, Peru Peru",-12.56667,-70.05,1450
cpt_1666,Gir Conservation Area India,21.475,71.16666667,1452
cpt_1667,Gir Conservation Area India,21.475,71.16666667,1452
cpt_1668,Gir Conservation Area India,21.475,71.16666667,1452
cpt_2022,Southwest of Glacier National Park United States,48.915838,-122.001577,1457
cpt_2205,Poozere Forest Belarus,55.83333333,29.83333333,1462
cpt_1094,Maasai Mara Kenya,-1.0915063,35.8580025,1510
lpi_11277,"South Talek Plain, Masai Mara National Reserve, Kenya Kenya",-1.50111,35.23806,1510
cpt_1717,Masai Mara National Reserve Kenya,-1.833333333,35.375,1530
cpt_2268,northern Yellowstone United States,45.8052975,-108.6811329,1530
cpt_2192,Phu Khieo-Nam Nao Complex Thailand,16.77,101.62,1560
cpt_1969,Mastigouche Canada,46.3926913,-73.3726627,1574
cpt_1219,New Jersey United States,33.7147613,-117.7902856,1600
cpt_2019,Berbak Indonesia,-7.0055251,111.3107695,1627
cpt_1966,Papineau-Labelle Canada,46.7732738,-75.4635528,1667
cpt_1122,Tost Mountain Range Mongolia,43.2,100.5,1684
cpt_1096,Waza Cameroon,10.3559242,14.3279107,1700
cpt_2075,Deosai National Park Pakistan,35,75.45,1800
cpt_2073,Virginia-Kentucky border United States,37.03,-82.76,1804
lpi_126,"QE Conservation Area, whole park Uganda",-0.25,30.18639,1978
cpt_1091,Queen Elizabeth Uganda,-0.2144676,30.0990706,1978
cpt_2219,Kanchenjunga Conservation Area Nepal,27.6,87.9,2035
cpt_2254,Cotswolds United Kingdom,52.250213,-0.9418041,2038
cpt_2255,Cotswolds United Kingdom,52.250213,-0.9418041,2038
cpt_2040,Superior National forest United States,48.08333333,-91.83333333,2060
cpt_2177,Pisgah bear sanctuary United States,32.90874,-97.58419,2075
cpt_2178,Pisgah national forest United States,35.2378924,-82.5592756,2075
cpt_2179,Grat Smoky mountains national park United States,39.86595,-75.17879,2114
cpt_1010,Fokida Greece,38.4998681,22.2487803,2120
cpt_1931,"Serengheti National Park Tanzania, United Republic of",-2.33,34.83,2200
cpt_2071,Rockingham County United States,36.3926798,-79.744144,2209
lpi_18306,Bale Mountains National Park Ethiopia,6.666667,39.666667,2220
lpi_42,"Sanetti Plateau, Bale Mountains National Park Ethiopia",7,39.75,2220
lpi_43,"Upper Web Valley, Bale Mountains National Park Ethiopia",7,39.75,2220
lpi_4594,"Web Valley, Bale Mountains National Park, Ethiopia Ethiopia",7,39.75,2220
cpt_1506,Harz Mountain Germany,49.942013,6.5461934,2226
cpt_2200,Banff National Park Canada,50.71671,-100.51755,2246
cpt_2201,Banff National Park Canada,50.71671,-100.51755,2246
cpt_2198,Banff National Park Canada,50.71671,-100.51755,2246
cpt_2199,Banff National Park Canada,50.71671,-100.51755,2246
cpt_1105,Yankari Nigeria,9.6,10.666667,2250
cpt_1698,Idaho Falls United States,43.4951433,-112.0435901,2305
lpi_3485,"Isle Royale National Park, Michigan, USA United States",48.00889,-88.8675,2314
cpt_1116,Kwando Chobe Botswana,-18.6121732,24.0630676,2320
cpt_1082,Makalali South Africa,-24.169016,30.6584682,2330
cpt_1669,Biscay Spain,43.238482,-2.8516316,2384
cpt_1670,Biscay Spain,43.238482,-2.8516316,2384
cpt_1671,Biscay Spain,43.238482,-2.8516316,2384
cpt_1978,Southern Idaho and Northern Utah United States,42,-115,2400
cpt_1976,Southern Idaho and Northern Utah United States,42,-115,2400
cpt_1778,Torres del Paine National Park Chile,-51.5,-72.91666667,2400
cpt_2078,Queen Elizabeth Protected Area Uganda,-0.16,30.02,2401
cpt_1335,Yukon Coastal Plain Canada,69.05766667,-137.5249,2550
cpt_1336,Yukon Coastal Plain Canada,69.05766667,-137.5249,2550
cpt_2321,Agricultural area Germany,49.4,6.9,2570
lpi_11047,Huai Kha Kaeng Wildlife Sanctuaries Thailand,14.91667,98.58333,2575
cpt_2041,Ellesmere Island Canada,80,-86,2600
cpt_2229,Algonquin Provincial Park Canada,46.0163208,-79.0766812,2700
cpt_1111,Pendjari Benin,10.3155863,1.3772911,2755
cpt_10,"Snowy Range, Wyoming United States",41.3222487,-106.172769,2760
cpt_1068,South Luangwa National Park Zambia,-13.07958,31.77407,2775
cpt_1766,Huai Kha Khaeng Thailand,15.41666667,99.15833333,2780
cpt_1964,"Tarangire National Park Tanzania, United Republic of",-4.625,36.375,2850
cpt_1073,"Tarangire Tanzania, United Republic of",-3.95,35.86,2850
cpt_1700,Ferry County United States,43.609162,-86.361499,2878
cpt_1013,Halkidiki Greece,40.0337881,23.4751986,2918
cpt_1628,"Desosai National Park, Himalayan Pakistan",34.97,75.47,3000
cpt_1126,"Serengeti National Park and Ngorongoro Conservation Area Tanzania, United Republic of",-2.33,34.83,3000
cpt_1127,"Serengeti National Park and Ngorongoro Conservation Area Tanzania, United Republic of",-2.33,34.83,3000
cpt_1125,"Serengeti National Park and Ngorongoro Conservation Area Tanzania, United Republic of",-2.33,34.83,3000
cpt_1045,"Serengeti National Park and Ngorongoro Conservation Area Tanzania, United Republic of",-2.33,34.83,3000
cpt_1046,"Serengeti National Park and Ngorongoro Conservation Area Tanzania, United Republic of",-2.33,34.83,3000
cpt_1043,"Serengeti National Park and Ngorongoro Conservation Area Tanzania, United Republic of",-2.33,34.83,3000
cpt_1044,"Serengeti National Park and Ngorongoro Conservation Area Tanzania, United Republic of",-2.33,34.83,3000
cpt_1877,Rhode Island United States,33.7130106,-117.7950822,3140
cpt_1251,Rhode Island United States,33.7130106,-117.7950822,3140
cpt_1919,Poland national parks Poland,52,20,3145.1
cpt_1917,Poland national parks Poland,52,20,3145.1
cpt_1918,Poland national parks Poland,52,20,3145.1
cpt_1916,Poland national parks Poland,52,20,3145.1
cpt_1914,Poland national parks Poland,52,20,3145.1
cpt_1103,Save Valley Zimbabwe,-19.3467507,32.0871085,3200
cpt_1260,Vitebsk region Belarus,56.20833333,29.41666667,3200
cpt_2190,Virachay National Park Cambodia,14.15,107.12,3381
cpt_2245,Wiltshire United Kingdom,51.25,-1.916667,3485
cpt_2246,Wiltshire United Kingdom,51.25,-1.916667,3485
cpt_2247,Wiltshire United Kingdom,51.25,-1.916667,3485
lpi_8032,"Kolguev Island, Russia Russian Federation",69.08333,49.25,3497
cpt_2191,Nakai-Nam Theun Lao People's Democratic Republic,18.24298,104.63789,3500
lpi_8103,"The Karupelv Valley Project, Traill O, Kong Oscars Fjord, North-East Greenland Greenland",72.5,-24.01667,3542
cpt_2013,Bukit Barisan Selatan Indonesia,-5.45,104.35,3568
lpi_11756,Bukit Barisan Selatan National Park Indonesia,-5.375398,104.258881,3568
lpi_11758,Bukit Barisan Selatan National Park Indonesia,-5.375398,104.258881,3568
lpi_11760,Bukit Barisan Selatan National Park Indonesia,-5.375398,104.258881,3568
lpi_11761,Bukit Barisan Selatan National Park Indonesia,-5.375398,104.258881,3568
lpi_11775,Bukit Barisan Selatan National Park Indonesia,-5.375398,104.258881,3568
lpi_11776,Bukit Barisan Selatan National Park Indonesia,-5.375398,104.258881,3568
lpi_11772,Bukit Barisan Selatan National Park Indonesia,-5.375398,104.258881,3568
cpt_2213,Thung Yai Naersun Wildlife Sanctuary Thailand,15,99.08333333,3622
cpt_2214,Thung Yai Naersun Wildlife Sanctuary Thailand,15,98.41666667,3622
lpi_6147,Lowland Thung Yai Naresuan Wildlife Sanctuary Thailand,15.2,98.83333,3647.2
lpi_6146,Upland Thung Yai Naresuan Wildlife Sanctuary Thailand,15.2,98.83333,3690
lpi_6148,Upland Thung Yai Naresuan Wildlife Sanctuary Thailand,15.2,98.83333,3690
cpt_2189,Modulkiri Protected Forest Cambodia,12.78,107,3721
cpt_2119,Salaj Romania,47.1546219,23.0145201,3864
cpt_1112,Murchison Falls Uganda,2.2784944,31.6858938,3893
cpt_1762,Reserves across South Africa South Africa,-29,24,3933
cpt_1124,"Ligurian, Maritime and Cozie rangea Italy",42.83333,12.83333,4000
cpt_2109,Dambovita Romania,45.7403046,21.196647,4054
cpt_2163,Dambovita Romania,45.7403046,21.196647,4054
cpt_2137,Dambovita Romania,45.7403046,21.196647,4054
cpt_1015,Evros Greece,40.0809716,23.978897,4242
cpt_2113,Ialomita Romania,45.4502679,28.0522971,4453
cpt_1974,Ashuapmushan Canada,48.6,-72.5,4482
cpt_1776,Pukashkwa National Park Canada,48,-85,4500
cpt_1777,Pukashkwa National Park Dumps Canada,48,-85,4500
cpt_1707,Level Mountain Canada,49.2781552,-123.1223943,4600
cpt_2118,Prahova Romania,44.8583091,25.879841,4716
cpt_2171,Prahova Romania,44.8583091,25.879841,4716
cpt_2145,Prahova Romania,44.8583091,25.879841,4716
cpt_967,"Reference Area - San Andres Mountains, New Mexico United States",33.08091,-106.64695,4798
cpt_1117,Mole Ghana,9.2613078,-1.8533652,4840
cpt_2125,Vrancea Romania,46.7917066,23.5911061,4857
cpt_2176,Vrancea Romania,46.7917066,23.5911061,4857
cpt_2151,Vrancea Romania,46.7917066,23.5911061,4857
cpt_2115,Mehedinti Romania,44.6042177,23.0553574,4933
cpt_2168,Mehedinti Romania,44.6042177,23.0553574,4933
cpt_2142,Mehedinti Romania,44.6042177,23.0553574,4933
cpt_1501,Jura France,47.7325613,7.2738346,4999
cpt_1502,Jura Switzerland,46.0947675,7.2318046,4999
cpt_1737,Central Pyrenees France,43.2866445,-0.0927302,5000
cpt_2273,Laikipia Ditrcit Kenya,1,37.33333333,5000
cpt_1736,Western Pyrenees France,43.2866445,-0.0927302,5000
cpt_2079,Murchinson Falls Conservation Area Uganda,2.13,31.91,5045
cpt_1119,Gonarezhou Zimbabwe,-21.677505,31.7740702,5053
cpt_1693,"Oconee, Pickens and Greenville counties United States",34.79,-82.83,5131
cpt_1729,Cantabrian range Spain,43.2001143,-4.8478214,5321
cpt_2248,Staffordshire/Derbyshire United Kingdom,52.8555098,-1.6407254,5338
cpt_2249,Staffordshire/Derbyshire United Kingdom,52.8555098,-1.6407254,5338
cpt_2250,Staffordshire/Derbyshire United Kingdom,52.8555098,-1.6407254,5338
cpt_2102,Bistrita-Nasaud Romania,47.1807668,24.5059291,5355
cpt_2131,Bistrita-Nasaud Romania,47.1807668,24.5059291,5355
cpt_2157,Bistrita-Nasaud Romania,47.1807668,24.5059291,5355
cpt_1750,Cantabrian Mountains Spain,43.33333333,-5.625,5500
cpt_1503,Vosges-Palatinian France,48.944348,2.577173,5500
cpt_1504,Vosges-Palatinian Germany,51.5,10.5,5500
cpt_2110,Gorj Romania,44.9611674,23.3256799,5602
cpt_2164,Gorj Romania,44.9611674,23.3256799,5602
cpt_2138,Gorj Romania,44.9611674,23.3256799,5602
cpt_2265,Selkirk Mountains United States,49,-117,5700
cpt_1653,Brunei Brunei Darussalam,4.4137155,114.5653908,5765
cpt_2124,Valcea Romania,45.753665,25.1773168,5765
cpt_2175,Valcea Romania,45.753665,25.1773168,5765
cpt_2150,Valcea Romania,45.753665,25.1773168,5765
cpt_2170,Neamt Romania,47.2223886,26.2875336,5897
cpt_2117,Neamt Romania,47.2223886,26.2875336,5897
cpt_2144,Neamt Romania,47.2223886,26.2875336,5897
cpt_1806,"Beaufort, Dare, Hyde, Tyrrell and Washington United States",45.735419,-121.548388,6000
cpt_1807,"Beaufort, Dare, Hyde, Tyrrell and Washington United States",45.735419,-121.548388,6000
cpt_2271,Laredo Webb county United States,27.66666667,-99.33333333,6000
cpt_1764,Everglades National Park United States,25.3128967,-80.9372932,6107
cpt_2308,Everglades National Park United States,25.3128967,-80.9372932,6107
cpt_2309,Everglades National Park United States,25.3128967,-80.9372932,6107
cpt_1765,Everglades National Park United States,25.3128967,-80.9372932,6107
cpt_2310,Everglades National Park United States,25.3128967,-80.9372932,6107
cpt_2193,Dong Phayayen-Khao Yai complex Thailand,14.44,101.37,6155
cpt_2097,Alba Romania,47.1628098,27.5954536,6242
cpt_2126,Alba Romania,47.1628098,27.5954536,6242
cpt_2152,Alba Romania,47.1628098,27.5954536,6242
cpt_2114,Maramures Romania,43.887704,28.609221,6304
cpt_2167,Maramures Romania,43.887704,28.609221,6304
cpt_2141,Maramures Romania,43.887704,28.609221,6304
cpt_1973,"Sept-Iles, Port-Cartier Canada",49.7395622,-67.2817102,6423
cpt_1861,Delaware United States,39.1142064,-95.4262424,6446
cpt_1587,Delaware United States,39.1142064,-95.4262424,6446
cpt_2243,"Adamello Brenta Nature Park
Adamello Brenta Nature Park Italy",46.16666667,10.75,6500
cpt_2091,Uinta-Watasch-Cache National Forest United States,41.68456,-111.63431,6504
cpt_2090,Uinta-Watasch-Cache National Forest United States,41.68456,-111.63431,6504
cpt_2060,Southwest Montana (Central Idaho Experimental Population) United States,46.696644,-122.929206,6537
cpt_2100,Bacau Romania,46.5658867,26.8951029,6621
cpt_2129,Bacau Romania,46.5658867,26.8951029,6621
cpt_2155,Bacau Romania,46.5658867,26.8951029,6621
cpt_2111,Harghita Romania,46.6260537,25.597826,6639
cpt_2165,Harghita Romania,46.6260537,25.597826,6639
cpt_2139,Harghita Romania,46.6260537,25.597826,6639
cpt_1805,Banff National Park Canada,50.71671,-100.51755,6641
cpt_2116,Mures Romania,45.4337549,28.0640933,6714
cpt_2169,Mures Romania,45.4337549,28.0640933,6714
cpt_2143,Mures Romania,45.4337549,28.0640933,6714
cpt_2264,Cabinet-Yaak United States,48,-116,6800
cpt_2099,Arges Romania,45.3113924,25.1216216,6862
cpt_2128,Arges Romania,45.3113924,25.1216216,6862
cpt_2154,Arges Romania,45.3113924,25.1216216,6862
cpt_1706,Spatsizi Park Canada,50.71671,-100.51755,7000
lpi_4633,Wrangel Island State Nature Reserve Russian Federation,71.18861,-179.715,7000
cpt_2011,Rimbang Baling & Batang Hari Indonesia,-1.26567,104.09154,7164
cpt_1445,South-central Sweden Sweden,61.3265,13.9205,7328
cpt_2007,Ulu Masen Indonesia,4.8196,95.5454,7500
cpt_2101,Bihor Romania,46.9959233,22.195674,7544
cpt_2130,Bihor Romania,46.9959233,22.195674,7544
cpt_2156,Bihor Romania,46.9959233,22.195674,7544
cpt_1956,southwest Kuskokwim Mountains United States,60,-159,7800
cpt_1957,southwest Kuskokwim Mountains United States,60,-159,7800
cpt_2008,Gunung Leuser Indonesia,3.7560953,97.1773071,7927
cpt_1972,Laurentides Canada,47.1352312,-72.2788761,7961
cpt_1095,Bergslagen Sweden,59.5,15.5,8000
cpt_1755,Lake Okeechobee United States,26.9442675,-80.802852,8000
cpt_1753,Lake Okeechobee United States,26.9442675,-80.802852,8000
cpt_1041,Sarek Sweden,67,17.66666667,8000
cpt_2001,Madrid and Toldeo Province Spain,40.14,-3.87,8022
cpt_2064,Yellowstone National Park United States,44.6200885,-110.5607575,8201
cpt_1074,"Ngorongoro Crater Tanzania, United Republic of",-3.18,35.55,8292
lpi_4916,"Ngorongoro Crater Tanzania, United Republic Of",-3.17222,35.56667,8292
lpi_127,"Ngorongoro Crater Tanzania, United Republic Of",-3.16667,35.58333,8292
cpt_2105,Caras-Severin Romania,45.1273646,22.0768389,8514
cpt_2134,Caras-Severin Romania,45.1273646,22.0768389,8514
cpt_2160,Caras-Severin Romania,45.1273646,22.0768389,8514
cpt_1042,Hedmark Norway,61.25,11.5,8600
cpt_1732,"Katavi-Rukwa Tanzania, United Republic of",-6.9,31.17,8602
cpt_1731,"Katavi-Rukwa Tanzania, United Republic of",-6.9,31.17,8602
cpt_1076,Laikipia Kenya,0.36,36.78,8696
cpt_2174,Timis Romania,45.6459721,25.6074863,8697
cpt_2123,Timis Romania,45.6459721,25.6074863,8697
cpt_2149,Timis Romania,45.6459721,25.6074863,8697
cpt_2226,Yellowstone lake United States,42.7632626,-89.9705746,8991
cpt_2227,Yellowstone lake United States,42.7632626,-89.9705746,8991
cpt_2225,Yellowstone lake United States,42.7632626,-89.9705746,8991
cpt_1720,Yellowstone National Park United States,44.6200885,-110.5607575,8991
cpt_1723,Yellowstone National Park United States,44.6200885,-110.5607575,8991
cpt_2208,Yellowstone National Park United States,44.6200885,-110.5607575,8991
lpi_3480,"Yellowstone National Park, USA United States",44.57472,-110.51667,8991
cpt_2089,Yellowstone United States,32.2819661,-111.001829,8991
cpt_1756,Big Cypress National Preserve and Everglades National Park United States,29.945691,-95.662084,9000
cpt_2269,Kananski Provincial Park and Bow Corw Forest Canada,51.63,-116.41,9000
cpt_2270,Kananski Provincial Park and Bow Corw Forest Canada,51.63,-116.41,9000
cpt_1086,Niokolo Senegal,14.9061387,-12.460207,9130
cpt_1470,Orebro County Sweden,59.3804788,14.9889541,9300
lpi_3478,Kodiak Island United States,57.46667,-153.26667,9311
cpt_2061,Southwest Montana (Greater Yellowstone Experimental Population Area) United States,45.034469,-110.712822,9916
cpt_2236,40km north of Manitouwadge Canada,49.25,-85.58333333,10000
cpt_2237,40km north of Manitouwadge Canada,49.25,-85.58333333,10000
cpt_2238,40km north of Manitouwadge Canada,49.25,-85.58333333,10000
cpt_2239,40km north of Manitouwadge Canada,49.25,-85.58333333,10000
cpt_2233,40km north of Manitouwadge Canada,49.25,-85.58333333,10000
cpt_2235,40km north of Manitouwadge Canada,49.25,-85.58333333,10000
cpt_2234,40km north of Manitouwadge Canada,49.25,-85.58333333,10000
cpt_2230,40km north of Manitouwadge Canada,49.25,-85.58333333,10000
cpt_2231,40km north of Manitouwadge Canada,49.25,-85.58333333,10000
cpt_2232,40km north of Manitouwadge Canada,49.25,-85.58333333,10000
cpt_2047,Afsaal South Africa,-32.3151283,22.3443114,10000
lpi_3482,Alberta/Saskatchewan Border Area Canada,55.37833,-109.86333,10000
cpt_1172,Alberta/Saskatchewan Border Canada,49.28333333,-108.6916667,10000
cpt_1496,Alpine Austria,47.2686455,11.3931343,10000
cpt_1573,Alpine Austria,47.2686455,11.3931343,10000
cpt_1937,Alpine Foothills Germany,51.5,10.5,10000
cpt_1497,Alpine France,48.8301807,2.2316944,10000
cpt_1574,Alpine France,48.8301807,2.2316944,10000
cpt_1498,Alpine Italy,44.4192331,12.197196,10000
cpt_1575,Alpine Italy,44.4192331,12.197196,10000
cpt_1499,Alpine Slovenia,46.0601814,14.5373237,10000
cpt_1500,Alpine Switzerland,46.020229,7.7513589,10000
cpt_1576,Alpine Switzerland,46.020229,7.7513589,10000
cpt_1530,Alps Austria,47.2505185,13.539561,10000
cpt_1531,Alps Italy,45.9531685,9.2379075,10000
cpt_2034,Alps Italy,45.9531685,9.2379075,10000
cpt_1532,Alps Slovenia,46.3681186,14.1136508,10000
cpt_1533,Alps Switzerland,45.95,7.86,10000
cpt_1493,Bohemian-Bavarian Austria,48.6,13.9,10000
cpt_1494,Bohemian-Bavarian Czech Republic,49.1,13.5,10000
cpt_1495,Bohemian-Bavarian Germany,49.11,13.14,10000
cpt_1332,"Bolivia Bolivia, Plurinational State of",-17,-65,10000
lpi_11014,"Borisovskoe Plateau, Russian Far East Russian Federation",43.25,131.46667,10000
lpi_11017,"Botchinski Zapovednik, Russian Far East Russian Federation",48.08333,139.18333,10000
cpt_1020,Central Alaska United States,63.95,-147.3,10000
cpt_1529,Central Apennines Italy,42.5,13.41667,10000
cpt_1544,Central European Lowlands Germany,51.5,10.5,10000
cpt_1545,Central European Lowlands Poland,52,20,10000
lpi_10732,Central Finland Finland,64.56667,27.53333,10000
lpi_11491,Central Finland Finland,63.626667,27.641667,10000
lpi_506,Central Finland Finland,62.5,25.5,10000
lpi_507,Central Karelia Russian Federation,64,32.5,10000
lpi_10781,"Central-eastern Pyrénées, France France",42.75,1.15,10000
cpt_2048,Crocodile Bridge South Africa,-25.3577097,31.8935083,10000
lpi_4894,"Dalarna and Gavlaborg, Sweden Sweden",61.26556,16.28083,10000
cpt_2046,Doispane South Africa,-25.0251727,31.246845,10000
lpi_5085,"Drift Prairie, North Dakota United States",47.5125,-99.53028,10000
lpi_5086,"Drift Prairie, North Dakota United States",47.5125,-99.53028,10000
lpi_3418,"Driftless and Dissected Plateau, Minnesota United States",43.77278,-91.80944,10000
lpi_3484,"Driftless and Dissected Plateau, Minnesota United States",43.77278,-91.80944,10000
cpt_1150,East Austria Austria,48.4095865,15.6054675,10000
cpt_1163,East Germany Germany,51.0834196,10.4234469,10000
lpi_627,Eastern Cantabrian Mountains Spain,43,-5,10000
lpi_11284,"Eastern Cape Province, South Africa South Africa",-32,26,10000
lpi_11276,"Eastern Cape Province, South Africa South Africa",-32,26,10000
lpi_11278,"Eastern Cape Province, South Africa South Africa",-32,26,10000
cpt_1945,Eastern Finland Finland,63.3334225,28.5355674,10000
cpt_1935,Eastern Low Mountain Range Germany,49.68333,8.85,10000
cpt_2029,Eastern Sanetti Ethiopia,7,39.75,10000
cpt_1896,Eastern Sierra United States,39.6794182,-120.2435219,10000
lpi_10683,"Eastern Subpopulation, Eastern Sierra Morena, Spain Spain",38.26667,-3.96667,10000
lpi_18295,"Fazenda Sete, Pantanal, Mato Grosso do Sul Brazil",-19.95,-56.416667,10000
lpi_11011,"Iman, Russian Far East Russian Federation",45.65,134.65,10000
lpi_11016,"Khor, Russian Far East Russian Federation",48.08333,135.65,10000
lpi_13244,"Lancaster Sound, Nunavut Canada",74.646079,-92.875263,10000
lpi_11009,"Lazovski Raion, Russian Far East Russian Federation",42.91667,133.23333,10000
lpi_11008,"Lazovsky Zapovednik, Russian Far East Russian Federation",43,133.73333,10000
lpi_22754,"Lower Mainland, British Columbia Canada",49.21759,-122.5003,10000
lpi_22820,"Lower Mainland, British Columbia Canada",49.21759,-122.5003,10000
lpi_22839,"Lower Mainland, British Columbia Canada",49.21759,-122.5003,10000
lpi_22850,"Lower Mainland, British Columbia Canada",49.21759,-122.5003,10000
lpi_14539,"Mackenzie Bison Sanctuary, Northwest Territories Canada",61.623636,-116.12548,10000
lpi_11020,"Mataiski Zakaznik, Russian Far East Russian Federation",47.65,135.68333,10000
lpi_3419,"North Central Glaciated Plains, Minnesota United States",44.44694,-96.29611,10000
lpi_3489,"North Central Glaciated Plains, Minnesota United States",44.44694,-96.29611,10000
cpt_1955,North Finland Finland,66.6044902,26.6287726,10000
cpt_1932,North-Eastern Lowlands Germany,51.5,10.5,10000
cpt_2187,northeastern Minnesota United States,46.7281895,-92.4675914,10000
cpt_1104,Northern Appenine Hills Italy,42.83333,12.83333,10000
cpt_1386,Northern Beaufort Sea Canada,71,-133,10000
cpt_1898,Northern California United States,38.8983252,-121.2964302,10000
cpt_1947,Northern Finland Finland,66.6044902,26.6287726,10000
lpi_11490,Northern Finland Finland,66.355,25.664167,10000
lpi_508,Northern Finland Finland,68.43333,26.58333,10000
lpi_10778,"Northern Kalkalpen (Limestone Alps) in the states of Steiermark, Unterösterreich and Oberösterreich (Styria, Lower and Upper Austria) Austria",47.73333,14.73333,10000
cpt_1471,Northern Kanijima Japan,34.25,133.18,10000
cpt_970,Northern Kanijima Japan,34.25,133.18,10000
lpi_509,Northern Karelia Russian Federation,65.82333,32.20167,10000
lpi_3416,Northern Minnesota and Ontario Peatlands United States,47.73167,-93.62833,10000
lpi_3490,Northern Minnesota and Ontario Peatlands United States,47.73167,-93.62833,10000
lpi_3413,Northern Minnesota Drift and Lake Plains United States,47.955,-94.78639,10000
lpi_3491,Northern Minnesota Drift and Lake Plains United States,47.955,-94.78639,10000
lpi_4726,"Northern part of QE National Park, Uganda Uganda",-0.25,30.18639,10000
lpi_3414,"Northern Superior Uplands, Minnesota United States",47.31667,-92.5475,10000
lpi_3492,"Northern Superior Uplands, Minnesota United States",47.31667,-92.5475,10000
cpt_1155,Northwest Italy Italy,45.13,8.87,10000
cpt_1157,Northwest Serbia Serbia,44.0243228,21.0765743,10000
cpt_2278,north-west Swiss Alps Switzerland,47.00016,8.01427,10000
cpt_1894,Northwest United States,32.2454633,-110.9649297,10000
cpt_1933,North-Western Lowlands Germany,51.5,10.5,10000
cpt_1825,NW Territories Canada,65.0000004,-118,10000
lpi_11281,"Obongsan Mountains, Republic of Korea Korea, Republic Of",38,127.8,10000
lpi_11282,"Odaesan mountains, Republic of Korea Korea, Republic Of",37.78333,128.53333,10000
lpi_22762,"Peace, British Columbia Canada",56.43743,-123.16816,10000
lpi_22828,"Peace, British Columbia Canada",56.43743,-123.16816,10000
lpi_22847,"Peace, British Columbia Canada",56.43743,-123.16816,10000
lpi_22858,"Peace, British Columbia Canada",56.43743,-123.16816,10000
cpt_1992,Region 1 Norway,62.29,10.05,10000
cpt_1993,Region 2 Norway,62.29,10.05,10000
cpt_1994,Region 3 Norway,62.29,10.05,10000
cpt_1995,Region 4 Norway,62.29,10.05,10000
cpt_1996,Region 5 Norway,62.29,10.05,10000
cpt_1997,Region 6 Norway,62.29,10.05,10000
cpt_1998,Region 7 Norway,62.29,10.05,10000
cpt_1999,Region 8 Norway,62.29,10.05,10000
cpt_1581,Rest of Greece Greece,38.3676859,23.5354546,10000
lpi_11479,"Rogów, Central Poland Poland",51.8,19.883333,10000
lpi_11015,"Sandagou, Russian Far East Russian Federation",43.8,134.5,10000
lpi_10691,"Sierra Morena, Spain Spain",38.26667,-4.1,10000
lpi_11022,"Sikhote Alin Zapovednik, Russian Far East Russian Federation",45.26667,136.2,10000
lpi_604,"Sikhote-Alin Zapovednik, Russia Russian Federation",45.25972,136.18972,10000
lpi_11023,"Sineya, Russian Far East Russian Federation",44.76667,134.31667,10000
cpt_1954,South Finland Finland,60.6697019,24.5080308,10000
lpi_11298,South Florida United States,26.2,-80.9,10000
cpt_1160,South Ukraine Ukraine,49.277459,23.504343,10000
cpt_1153,South West Czech Czech Republic,48.913613,13.8898961,10000
cpt_1154,"South, Northeast and Northwest Hungary Hungary",47,20,10000
lpi_8081,Southern Hudson bay population Canada,56.42278,-83.6375,10000
lpi_511,Southern Karelia Russian Federation,61.77028,33.9525,10000
cpt_1897,Southern Mountains United States,33.1098044,-98.5861402,10000
lpi_3420,"Southern Superior Uplands and Western Superior Uplands, Minnesota United States",46.11639,-93.14583,10000
lpi_3494,"Southern Superior Uplands and Western Superior Uplands, Minnesota United States",46.11639,-93.14583,10000
lpi_11275,South-west Primorye Russian Federation,43.05417,131.36833,10000
cpt_1158,Southwest Slovakia Slovakia,48.1936947,17.2607227,10000
lpi_11283,"Taebaeksan Mountains, Republic of Korea Korea, Republic Of",38.21667,128.18333,10000
cpt_1814,Tai National Park Cte D'Ivoire,5.78639,-7.09965,10000
lpi_11019,"Tigrini Dom, Russian Far East Russian Federation",48.78333,136.35,10000
cpt_1108,W National Park Benin,12.04,3.03,10000
cpt_2279,west central Swiss Alps Switzerland,47.00016,8.01427,10000
cpt_1152,West Croatia Croatia,45.8012583,15.8976449,10000
cpt_1856,West Virginia United States,40.0642004,-80.721773,10000
lpi_10782,"Western Carpathian Mountains, Slovakia Slovakia",49.11667,18.93333,10000
cpt_1946,Western Finland Finland,62.440588,23.6570856,10000
lpi_8076,Western Hudson Bay population Canada,63.16667,-88.5,10000
lpi_5817,Western Iceland Iceland,64.60333,-21.17833,10000
cpt_1934,Western low Mountain Range Germany,49.68333,8.85,10000
cpt_1716,Western Montana United States,45.3412619,-111.7141925,10000
lpi_10780,"Western Pyrénées, France France",43.06667,1.03333,10000
cpt_2028,Western Sanetti Ethiopia,7,39.75,10000
cpt_2203,Yukon-Charley Rivers National Preserve United States,65,-143,10220
cpt_2252,Somerset/Devon United Kingdom,50.852527,-3.2689248,10300
cpt_2253,Somerset/Devon United Kingdom,50.852527,-3.2689248,10300
cpt_2251,Somerset/Devon United Kingdom,50.852527,-3.2689248,10300
lpi_12914,"Cape Breton Island, Nova Scotia Canada",45.75,-61.25,10311
cpt_1359,Diamer District Pakistan,35.2992428,74.4075626,10936
cpt_1883,Banff National Park Canada,51,-115,11400
cpt_1724,Bow river watershed Canada,51,-114.5,11400
cpt_1123,Como National Park Cte D'Ivoire,9.0597296,-3.6355591,11500
cpt_1202,Connecticut United States,31.1239751,-97.4318164,11655
cpt_1419,"Lakipia, Samburu and Isiolo Kenya",1,37.33333333,12000
cpt_1109,Makgadikgadi Botswana,-20.2155791,26.1887189,12000
cpt_1422,"Western Coast of Hudson Bay and in the Community of Churchill, Manitoba Canada",58.76811,-94.16674,12000
cpt_1248,Massachusetts United States,39.7729905,-86.1513998,12051
cpt_1797,Dalarna and Gavleborg Sweden,61,15,13000
cpt_1796,Dalarna and Gavleborg Sweden,61,15,13000
cpt_2272,Kerinci Seblat National Park Indonesia,-0.84291,100.52853,13300
cpt_1100,Benoue Cameroon,9.206218,13.5974577,13614
cpt_1968,La Verendrye Canada,46.74,-76.09,13615
cpt_2012,Kerinci Seblat Indonesia,-1.718607,101.3612994,13750
cpt_2262,Vosges Massif France,47.882,7.104,14327
cpt_1860,Connecticut United States,31.1239751,-97.4318164,14357
cpt_1627,Hwange National Park Zimbabwe,-19,26.5,14600
cpt_1626,Hwange National Park Zimbabwe,-19,26.5,14600
cpt_1625,Hwange National Park Zimbabwe,-19,26.5,14600
cpt_1085,Hwange Zimbabwe,-18.3529115,26.4986965,14651
cpt_2062,Wyoming (excluding Yellowstone) United States,42.91336,-85.70531,15040
cpt_1781,Fairbanks United States,38.8657356,-120.6702065,15300
cpt_1114,Luangwa Zambia,-9.5515449,30.5681058,15540
cpt_2228,Italian Alps Italy,42.83333,12.83333,16000
lpi_5373,"National Superior Forest, North-eastern Minnesota United States",48,-92,16000
cpt_1718,Tanana Flats United States,38.987826,-121.5510088,17000
cpt_2069,Montana United States,32.4873968,-114.7529645,17326
cpt_1426,Gavleborg Sweden,61.26138,16.6987101,18199
cpt_1735,Kugluktuk Canada,67.8260952,-115.1073221,18200
cpt_1710,Kechika Canada,58.75,-128,18400
cpt_1711,Kechika United States,58.75,-128,18400
cpt_2059,Northwest Montana Recovery Area United States,36.12505,-78.697602,18623
cpt_1712,Muskwa Canada,58,-124,19000
cpt_1713,Muskwa Canada,58,-124,19000
cpt_1714,Muskwa Canada,58,-124,19000
lpi_6189,"Denali National Park, Alaska United States",63.32972,-150.5,19185.79
cpt_2057,Kruger National Park South Africa,-24.0727778,31.625,19485
cpt_2324,Kruger National Park South Africa,-26.2330529,28.427793,19485
lpi_119,"Kruger National Park, South Africa South Africa",-23.83333,31.5,19485
cpt_1121,Kruger South Africa,-26.2330529,28.427793,19485
cpt_2056,KrugerNational Park South Africa,-26.2330529,28.427793,19485
cpt_1218,New Hampshire United States,33.7157856,-117.790572,20098
lpi_528,Slovenia Slovenia,46,15,20273
cpt_1675,Finalnd Finland,64,26,21000
cpt_1677,Norway Norway,64.5731537,11.5280364,21000
cpt_1676,Sweden Sweden,59.6749712,14.5208584,21000
cpt_1975,Wabasca-Demaris Canada,55.95,-113.8166667,21000
lpi_11046,"Mizoram, India India",23.58333,92.4,21081
cpt_978,Peloponnese Greece,37.2528536,22.2326024,21550
cpt_1425,Vasternorrland Sweden,62.4020124,17.3319022,21684
cpt_1081,Etosha Namibia,-19.3917777,17.2091839,22270
cpt_2258,Etosha National Park Namibia,-19,16,22270
cpt_1222,Ohio United States,41.5575349,-89.4609276,22286
lpi_8147,"Louhi district, Karelia region Russian Federation",66.66667,31,22544
cpt_1873,New Jersey United States,33.7147613,-117.7902856,22608
cpt_1804,Whitehorse Canada,60.721571,-135.054932,23000
cpt_1226,Vermont United States,26.1675057,-97.6672015,23310
cpt_1844,New Hampshire United States,33.7157856,-117.790572,24217
cpt_1853,Vermont United States,26.1675057,-97.6672015,24923
cpt_1164,"Macedonia Macedonia, The former Yugoslav Republic of",41.66667,21.75,25713
cpt_1770,Vassfaret Norway,60.5,9.5,26300
cpt_1772,Vassfaret Norway,60.5,9.5,26300
cpt_1960,Jilin China,35.679842,105.601599,27166
cpt_1981,Brittany France,48.7245072,-3.972159,27208
cpt_1982,Brittany France,48.7245072,-3.972159,27208
cpt_1983,Brittany France,48.7245072,-3.972159,27208
cpt_1840,Massachusetts United States,39.7729905,-86.1513998,27363
lpi_22757,"East Kootenay, British Columbia Canada",49.12298,-117.93544,27542.69
lpi_22823,"East Kootenay, British Columbia Canada",49.12298,-117.93544,27542.69
lpi_22842,"East Kootenay, British Columbia Canada",49.12298,-117.93544,27542.69
lpi_22853,"East Kootenay, British Columbia Canada",49.12298,-117.93544,27542.69
cpt_1427,Dalarna Sweden,61.6891866,16.0889623,28188.8
lpi_639,Albania Albania,41,20,28748
cpt_2188,Choctaw and Kiamichi United States,34.63538,-95.17885,30000
cpt_1783,"Serengeti National Park Tanzania, United Republic of",-2.33,34.83,30000
lpi_28,"Serengeti National Park Tanzania, United Republic Of",-2.33333,34.58333,30000
lpi_41,"Serengeti National Park Tanzania, United Republic Of",-2.33333,34.83333,30000
lpi_4914,"Serengeti National Park, Tanzania Tanzania, United Republic Of",-2.33333,34.56667,30000
lpi_5249,"Serengeti Plains Tanzania, United Republic Of",-3.66,34.79,30000
lpi_5250,"Serengeti Plains Tanzania, United Republic Of",-3.66,34.79,30000
lpi_5248,"Serengeti Plains Tanzania, United Republic Of",-3.66,34.79,30000
lpi_128,"Serengeti Plains, Tanzania Tanzania, United Republic Of",-3.16667,35.58333,30000
cpt_1072,"Serengeti Tanzania, United Republic of",-2.33,34.83,30000
lpi_22753,"Vancouver Island, British Columbia Canada",49.65063,-125.44939,31285
lpi_22819,"Vancouver Island, British Columbia Canada",49.65063,-125.44939,31285
lpi_22838,"Vancouver Island, British Columbia Canada",49.65063,-125.44939,31285
lpi_22849,"Vancouver Island, British Columbia Canada",49.65063,-125.44939,31285
cpt_1868,Maryland United States,42.46807,-83.219538,32133
cpt_1211,Maryland United States,42.46807,-83.219538,32133
cpt_1423,Jamtland Sweden,64.0236779,19.9315536,34009
cpt_1207,Iowa United States,26.1458404,-97.961063,34153
cpt_1923,Greater Yellowstone Ecosystem United States,44.322,-110.52,34375
cpt_1800,Greater Yellowstone experimental populationarea United States,44.322,-110.52,34375
lpi_3479,"Yellowstone National Park and surrounding area, Wyoming, USA United States",44.5,-110.28333,34375
lpi_10733,Southern Finland Finland,60.73333,23.1,34378
lpi_510,Southern Finland Finland,64,26,34378
cpt_2204,Greater Yellowstone Ecosystem United States,44.322,-110.52,34500
cpt_1249,North Dakota United States,30.531948,-98.357334,36838
cpt_1803,Greater Yellowstone Ecosystem United States,44.322,-110.52,37258
lpi_2357,"Kongsfjordområdet, Svalbard Svalbard And Jan Mayen",78,20,37673
cpt_1077,Kgalagadi Botswana,-24.9,20.98,38000
lpi_117,"Serengeti National Park & Ngorongoro Conservation Area, Tanzania Tanzania, United Republic Of",-3.16667,35.58333,38292
lpi_11043,"Kerala, India India",10.4,76.46667,38863
cpt_1233,Maine United States,42.357427,-83.358922,40000
cpt_1787,Switzerland Switzerland,46.7985624,8.2319736,41285
cpt_2314,Switzerland Switzerland,46.7985624,8.2319736,41285
lpi_578,Switzerland Switzerland,47,8,41285
cpt_1703,Niassa National Reserve Mozambique,-11.88,37.47,42200
lpi_11033,"Sohagibarwa-Valmiki, Uttar Pradesh, Bihar India",27.05,84.16667,42820
cpt_1252,Nova Scotia Canada,45,-63.75,43086
cpt_2058,Idaho United States,29.6930211,-95.3704613,44410
lpi_584,Estonia Estonia,59,26,45226
lpi_22755,"Thompson-Nicola, British Columbia Canada",50.25503,-120.69689,45279
lpi_22821,"Thompson-Nicola, British Columbia Canada",50.25503,-120.69689,45279
lpi_22840,"Thompson-Nicola, British Columbia Canada",50.25503,-120.69689,45279
lpi_22851,"Thompson-Nicola, British Columbia Canada",50.25503,-120.69689,45279
cpt_1101,"Katavi Tanzania, United Republic of",-6.9,31.17,45843
cpt_2312,"Katavi Tanzania, United Republic of",-6.9,31.17,45843
cpt_1229,Wisconsin United States,26.1464438,-97.9616883,46620
cpt_2209,Aragn Spain,42.03333333,-5.383333333,47669
cpt_2210,Aragn Spain,42.03333333,-5.383333333,47669
lpi_22761,"Omineca, British Columbia Canada",55.95301,-124.77368,47901
lpi_22827,"Omineca, British Columbia Canada",55.95301,-124.77368,47901
lpi_22846,"Omineca, British Columbia Canada",55.95301,-124.77368,47901
lpi_22857,"Omineca, British Columbia Canada",55.95301,-124.77368,47901
lpi_589,Slovakia Slovakia,48.66667,19.5,49035
lpi_5814,Jamtland County Sweden,63.5,15,49341.2
cpt_1245,Quebec Canada,43.6707678,-79.3737474,55000
lpi_5815,"County of Vasterbotten (whole), near Umea Sweden",65,18,55186
cpt_1428,Vasterbotten Sweden,63.9228279,19.856921,55186
cpt_1826,Nova Scotia Canada,45,-63.75,55284
cpt_1880,Croatia Croatia,45.8012583,15.8976449,56594
cpt_1276,Croatia Croatia,45.8012583,15.8976449,56594
lpi_529,Croatia Croatia,45.16667,15.5,56594
cpt_1228,West Virginia United States,40.0642004,-80.721773,56656
cpt_1236,South Carolina United States,33.6874388,-80.4363743,56773
lpi_17837,"Karrak Lake, Queen Maud Gulf Bird Sanctuary, Nunavut Canada",67.233333,-100.25,61765
cpt_1227,Virginia United States,47.52326,-92.536571,64118
cpt_1001,Latvia Latvia,55.6806895,26.6303595,64580
lpi_526,Latvia Latvia,57,25,64589
lpi_585,Lithuania Lithuania,56,24,65300
lpi_17833,"Banks Island Migratory Bird Sanctuary, Banks Island, Northwest Territories Canada",72.416667,-124.533333,70000
cpt_1912,Mavaria district Mozambique,-18.25,35,70550
cpt_1231,New Brunswick Canada,45.206741,-67.270713,72784
cpt_1823,New Brunswick Canada,45.206741,-67.270713,72908
lpi_21779,New Brunswick Canada,46.56531,-66.46191,72908
lpi_22720,New Brunswick Canada,46.56531,-66.46191,72908
cpt_975,Northeast China China,46.4097992,127.6152447,73659
cpt_976,Northeast China China,46.4097992,127.6152447,73659
cpt_1597,Panama Panama,7.676154,-81.2174077,75517
lpi_11044,"Assam, India India",26.76667,93.5,78438
lpi_527,Czech Republic Czech Republic,49.75,15,78865
lpi_588,Czech Republic Czech Republic,49.75,15,78865
lpi_22759,"Cariboo, British Columbia Canada",52.40318,-123.45536,80609.75
lpi_22825,"Cariboo, British Columbia Canada",52.40318,-123.45536,80609.75
lpi_22844,"Cariboo, British Columbia Canada",52.40318,-123.45536,80609.75
lpi_22855,"Cariboo, British Columbia Canada",52.40318,-123.45536,80609.75
cpt_1850,South Carolina United States,33.6874388,-80.4363743,82931
lpi_579,Austria Austria,47.33333,13.33333,83879
lpi_515,Leningradskaya Russian Federation,60.32139,33.98333,84500
lpi_595,Leningradskaya Russian Federation,60.32139,33.98333,84500
lpi_633,Leningradskaya Russian Federation,60.32139,33.98333,84500
cpt_1779,Minnesota United States,29.6294926,-95.238601,85000
cpt_1224,Pennyslvania United States,40.696298,-77.995133,85300
cpt_1214,Mississippi United States,45.5514941,-122.6755826,90753
cpt_1839,Maine United States,42.357427,-83.358922,91646
lpi_519,Portugal Portugal,39.06667,-8.23333,92212
cpt_1206,Indiana United States,34.0339005,-118.1922075,92434
cpt_2221,Hungary Hungary,47.1817585,19.5060937,93030
lpi_530,Hungary Hungary,47,20,93030
lpi_10493,Hungary Hungary,47.18333,20.13333,93030
cpt_1863,Indiana United States,34.0339005,-118.1922075,94321
lpi_5816,Norrbotten County Sweden,67,21,98245
cpt_1424,Norrbotten Sweden,59.7650564,18.0776847,98245
cpt_2020,Harapan Indonesia,2.9530379,98.1960254,98555
cpt_2311,Chaco Argentina,-26.2,-60.8,99633
cpt_1540,Baltic Estonia,59.4405736,24.7379832,1.00E+05
cpt_1476,Baltic Latvia,56.5366256,21.0028291,1.00E+05
cpt_1512,Baltic Latvia,56.5366256,21.0028291,1.00E+05
cpt_1541,Baltic Latvia,56.5366256,21.0028291,1.00E+05
cpt_1333,Brazil Brazil,-10.3333333,-53.2,1.00E+05
cpt_1479,Carpathian Bulgaria,42.66667,25.25,1.00E+05
cpt_1546,Carpathian Czech Republic,49.75,15,1.00E+05
cpt_1481,Carpathian Hungary,47.5095747,19.143375,1.00E+05
cpt_1547,Carpathian Hungary,47.5095747,19.143375,1.00E+05
cpt_1484,Carpathian Serbia,44.81892,20.45998,1.00E+05
cpt_1515,Carpathian Serbia,44.81892,20.45998,1.00E+05
cpt_1485,Carpathian Slovakia,48.66667,19.5,1.00E+05
cpt_1491,Dinaric Bosnia and Herzegovina,43.95,16.58,1.00E+05
cpt_1490,Dinaric Croatia,44.8963467,15.5450012,1.00E+05
cpt_1492,Dinaric Slovenia,46.08333,15,1.00E+05
cpt_1564,Dinaric-Balkin Albania,41,20,1.00E+05
cpt_1520,Dinaric-Pindus Albania,41,20,1.00E+05
cpt_1524,Dinaric-Pindus Kosovo,42.58333,20.91667,1.00E+05
cpt_1525,"Dinaric-Pindus Macedonia, The former Yugoslav Republic of",41.66667,21.75,1.00E+05
cpt_1526,Dinaric-Pindus Montenegro,42.74,19.14,1.00E+05
cpt_1527,Dinaric-Pindus Serbia,44.81892,20.45998,1.00E+05
cpt_1517,East Balkan Bulgaria,42.7083333,24.95,1.00E+05
cpt_1519,"East Balkan Macedonia, The former Yugoslav Republic of",41.92928,21.69195,1.00E+05
cpt_1518,East Balkan Serbia,44.8136206,20.4600047,1.00E+05
cpt_1358,India India,28.4808629,77.0848883,1.00E+05
cpt_1654,India India,28.4808629,77.0848883,1.00E+05
lpi_22725,"Karrak Lake East, Nunavut Canada",67.25972,-100.27351,1.00E+05
lpi_22722,"Karrak Lake North, Nunavut Canada",67.25972,-100.27351,1.00E+05
lpi_22723,"Karrak Lake South, Nunavut Canada",67.25972,-100.27351,1.00E+05
lpi_22724,"Karrak Lake West, Nunavut Canada",67.25972,-100.27351,1.00E+05
lpi_3415,Minnesota and Northeast Iowa Moraine United States,45.33611,-94.40472,1.00E+05
lpi_3487,Minnesota and Northeast Iowa Moraine United States,45.33611,-94.40472,1.00E+05
lpi_3421,"Missouri Coteau, N Dakota United States",46.00028,-99.00028,1.00E+05
lpi_3488,"Missouri Coteau, North Dakota United States",46.00028,-99.00028,1.00E+05
lpi_5087,"Missouri slope, North Dakota United States",46.54917,-102.49139,1.00E+05
lpi_5088,"Missouri slope, North Dakota United States",46.54917,-102.49139,1.00E+05
lpi_3417,"Red River Valley, Minnesota United States",47.71667,-96.55,1.00E+05
lpi_3493,"Red River Valley, Minnesota United States",47.71667,-96.55,1.00E+05
cpt_1538,Scandanavian Norway,62,10,1.00E+05
cpt_1537,Scandanavian Sweden,62,15,1.00E+05
cpt_1225,South Dakota United States,30.528989,-98.357235,1.00E+05
cpt_1895,Sierra Nevada United States,36.58,-118.3,102594
cpt_1209,Kentucky United States,28.3345881,-82.6698682,102896
cpt_1213,Minnesota United States,29.6294926,-95.238601,103600
cpt_1220,New York United States,32.1988888,-110.8199723,103600
lpi_5090,"Red River, North Dakota United States",47.51028,-96.99472,104118
lpi_5089,"Red River, North Dakota United States",47.51028,-96.99472,104118
cpt_1866,Kentucky United States,28.3345881,-82.6698682,104659
cpt_2260,Kentucky United States,28.3345881,-82.6698682,104659
cpt_1237,Tennessee United States,31.115857,-97.323811,106739
cpt_1851,Tennessee United States,31.115857,-97.323811,109247
cpt_1854,Virginia United States,47.52326,-92.536571,110786
cpt_1017,Bulgaria Bulgaria,41.6343859,25.377078,110994
cpt_977,Bulgaria Bulgaria,41.6343859,25.377078,110994
lpi_638,Bulgaria Bulgaria,43,25,110994
lpi_532,Bulgaria Bulgaria,43,25,110994
cpt_1210,Louisiana United States,26.1464739,-97.9607352,112825
cpt_1089,Kunene Namibia,-19.6792809,13.9756564,115260
cpt_1875,Ohio United States,41.5575349,-89.4609276,116096
cpt_1200,Alabama United States,29.725085,-95.355407,116550
cpt_1212,Michigan United States,39.3019161,-94.9275519,116550
cpt_1695,northwest Alaska United States,48.57403,-117.351614,119140
cpt_1696,northwest Alaska United States,48.57403,-117.351614,119140
cpt_1849,Pennsylvania United States,32.3116471,-106.7873359,119283
cpt_1215,Missouri United States,26.1458338,-97.9613808,121489
cpt_1092,Niassa Mozambique,-11.88,37.47,122827
cpt_1869,Mississippi United States,45.5514941,-122.6755826,125443
cpt_1350,Mississippi United States,45.5514941,-122.6755826,125443
cpt_1351,Mississippi United States,45.5514941,-122.6755826,125443
cpt_1353,Mississippi United States,45.5514941,-122.6755826,125443
cpt_1352,Mississippi United States,45.5514941,-122.6755826,125443
cpt_1221,North Carolina United States,30.1134633,-94.6416354,126161
lpi_11042,Tamil Nadu India,10.31667,76.98333,130060
lpi_533,Greece Greece,39,22,131957
lpi_232,"Malay Peninsula, Malaysia Malaysia",3.11667,101.68333,132265
cpt_1246,Arkansas United States,29.841267,-95.339522,134874
lpi_11038,"Chhattisgarh, India India",22.38333,81.38333,135191
cpt_1867,Louisiana United States,26.1464739,-97.9607352,135658
cpt_1859,Alabama United States,29.725085,-95.355407,135765
cpt_2076,Western Poland Poland,52.14166667,18.8,136000
cpt_1832,Arkansas United States,29.841267,-95.339522,137733
cpt_1847,North Carolina United States,30.1134633,-94.6416354,139390
cpt_2074,North Carolina United States,30.1134633,-94.6416354,139390
cpt_1846,New York United States,32.1988888,-110.8199723,141300
cpt_1205,Illinois United States,26.1464739,-97.9596115,143960
lpi_518,Volodskaya Russian Federation,62.36444,41.97944,145700
lpi_597,Volodskaya Russian Federation,62.36444,41.97944,145700
lpi_635,Volodskaya Russian Federation,62.36444,41.97944,145700
cpt_1864,Iowa United States,26.1458404,-97.961063,145743
cpt_1688,Nepal Nepal,26.8092952,87.2911417,147181
cpt_1619,Nepal Nepal,26.8092952,87.2911417,147181
cpt_1620,Nepal Nepal,26.8092952,87.2911417,147181
lpi_25558,Nepal Nepal,27.882493,82.848801,147181
cpt_1203,Georgia United States,33.7138382,-117.7890939,149907
cpt_1862,Illinois United States,26.1464739,-97.9596115,149998
cpt_1199,Florida United States,41.3317607,-74.35682,151669
cpt_1837,Georgia United States,33.7138382,-117.7890939,153909
lpi_11039,"Odisha, India India",20.63333,84.65,155707
lpi_11040,Andhra Pradesh India,15.8,78.71667,160205
cpt_1600,Suriname Suriname,4.0418012,-55.449191,163821
cpt_1738,Wisconsin United States,26.1464438,-97.9616883,169639
cpt_1857,Wisconsin United States,26.1464438,-97.9616883,169639
cpt_2216,Wisconsin United States,26.1464438,-97.9616883,169639
cpt_2217,Wisconsin United States,26.1464438,-97.9616883,169639
cpt_2215,Wisconsin United States,26.1464438,-97.9616883,169639
cpt_2274,Wisconsin United States,26.1464438,-97.9616883,169639
lpi_4837,"Wisconsin, USA United States",43.06917,-89.40861,169639
lpi_4838,"Wisconsin, USA United States",43.06917,-89.40861,169639
lpi_4839,"Wisconsin, USA United States",43.06917,-89.40861,169639
lpi_4840,"Wisconsin, USA United States",43.06917,-89.40861,169639
lpi_4842,"Wisconsin, USA United States",43.06917,-89.40861,169639
cpt_1240,Washington United States,38.8948932,-77.0365529,170000
cpt_1817,Florida United States,41.3317607,-74.35682,170304
cpt_1836,Florida United States,41.3317607,-74.35682,170304
cpt_1204,Idaho United States,29.6930211,-95.3704613,170500
cpt_1217,Nebraska United States,35.1177919,-90.0602105,171000
cpt_1474,Karelian Finland,62.6199913,29.7432237,172400
cpt_1539,Karelian Finland,62.6199913,29.7432237,172400
cpt_1223,Oklahoma United States,26.1458425,-97.9606918,178202
cpt_1870,Missouri United States,26.1458338,-97.9613808,180533
cpt_1657,Cambodia Cambodia,11.5481298,104.8658599,181035
cpt_1876,Oklahoma United States,26.1458425,-97.9606918,181195
cpt_998,Oklahoma United States,26.1458425,-97.9606918,181195
cpt_1235,New Mexico United States,36.0652997,-94.1473269,181243
cpt_1874,North Dakota United States,30.531948,-98.357334,183272
cpt_994,North Dakota United States,30.531948,-98.357334,183272
cpt_1855,Washington United States,38.8948932,-77.0365529,184827
cpt_983,Washington United States,38.8948932,-77.0365529,184827
lpi_11041,"Karnataka, India India",13.25,75.16667,191791
cpt_1878,South Dakota United States,30.528989,-98.357235,199905
cpt_995,South Dakota United States,30.528989,-98.357235,199905
cpt_1771,South & Central Finland Finland,62.2886427,25.743796,2.00E+05
cpt_1871,Nebraska United States,35.1177919,-90.0602105,200520
cpt_996,Nebraska United States,35.1177919,-90.0602105,200520
cpt_1239,Utah United States,36.06641,-106.2700268,202020
cpt_2030,north and east greenland Greenland,76.83333333,-36.36666667,205982
cpt_1208,Kansas United States,39.5528129,-87.9394779,211900
cpt_1865,Kansas United States,39.5528129,-87.9394779,213096
cpt_997,Kansas United States,39.5528129,-87.9394779,213096
cpt_1596,Guyana Guyana,6.3993434,-58.2424599,214969
cpt_1838,Idaho United States,29.6930211,-95.3704613,216632
cpt_1953,Idaho United States,29.6930211,-95.3704613,216632
cpt_986,Idaho United States,29.6930211,-95.3704613,216632
cpt_1852,Utah United States,36.06641,-106.2700268,219887
cpt_990,Utah United States,36.06641,-106.2700268,219887
cpt_1775,Minnesota (statewide) United States,44.093963,-91.748675,225181
cpt_1842,Minnesota United States,29.6294926,-95.238601,225181
cpt_2197,Minnesota United States,29.6294926,-95.238601,225181
cpt_2194,Minnesota United States,29.6294926,-95.238601,225181
cpt_2195,Minnesota United States,29.6294926,-95.238601,225181
cpt_2196,Minnesota United States,29.6294926,-95.238601,225181
cpt_1656,Lao PDR Lao People's Democratic Republic,17.967789,102.6162108,236800
cpt_2300,Romania Romania,45.0850284,23.0704967,238397
cpt_2301,Romania Romania,45.0850284,23.0704967,238397
cpt_2302,Romania Romania,45.0850284,23.0704967,238397
cpt_2304,Romania Romania,45.0850284,23.0704967,238397
cpt_2303,Romania Romania,45.0850284,23.0704967,238397
lpi_632,Romania Romania,46,25,238397
lpi_590,Romania Romania,46,25,238397
lpi_531,Romania Romania,46,25,238397
lpi_13479,Uganda Uganda,2,33,241037
cpt_1595,French Guiana French Guiana,4.0039882,-52.999998,245857
cpt_1250,Oregon United States,39.9869407,-95.1449753,248630
cpt_1244,Saskatchewan Canada,53.1869562,-105.7210493,248639
cpt_1739,Michigan United States,39.3019161,-94.9275519,250493
cpt_1841,Michigan United States,39.3019161,-94.9275519,250493
cpt_1858,Wyoming United States,39.1181681,-75.5588139,253348
cpt_1952,Wyoming United States,39.1181681,-75.5588139,253348
cpt_989,Wyoming United States,39.1181681,-75.5588139,253348
cpt_1230,Wyoming United States,39.1181681,-75.5588139,253601
cpt_1848,Oregon United States,39.9869407,-95.1449753,255026
cpt_984,Oregon United States,39.9869407,-95.1449753,255026
cpt_1835,Colorado United States,39.6796152,-104.9376995,269837
cpt_993,Colorado United States,39.6796152,-104.9376995,269837
cpt_1247,Colorado United States,39.6796152,-104.9376995,269837
lpi_22763,"Liard, British Columbia Canada",59.41666,-126.08333,277100
lpi_22829,"Liard, British Columbia Canada",59.41666,-126.08333,277100
lpi_22848,"Liard, British Columbia Canada",59.41666,-126.08333,277100
lpi_22859,"Liard, British Columbia Canada",59.41666,-126.08333,277100
cpt_1234,Nevada United States,40.8192237,-83.1304704,284449
cpt_1872,Nevada United States,40.8192237,-83.1304704,286367
cpt_987,Nevada United States,40.8192237,-83.1304704,286367
cpt_1201,Arizona United States,18.2914571,-66.8872167,294315
cpt_1833,Arizona United States,18.2914571,-66.8872167,295254
cpt_991,Arizona United States,18.2914571,-66.8872167,295254
lpi_3412,"Lake Agassiz, Aspen Parklands, Minnesota United States",48.10611,-95.22806,3.00E+05
lpi_3486,"Lake Agassiz, Aspen Parklands, Minnesota United States",48.10611,-95.22806,3.00E+05
lpi_577,Italy Italy,45.83333,12.83333,301338
lpi_522,Italy Italy,42.83333,12.83333,301338
lpi_11037,"Maharashtra, India India",19.78333,75.68333,307713
lpi_11036,"Madhya Pradesh, India India",22.3,80.26667,308252
lpi_525,Poland Poland,52,20,312679
lpi_583,Poland Poland,52,20,312679
lpi_3504,Poland Poland,52,20,312679
lpi_3505,Poland Poland,52,20,312679
lpi_631,Poland Poland,52,20,312679
cpt_1845,New Mexico United States,36.0652997,-94.1473269,315194
cpt_992,New Mexico United States,36.0652997,-94.1473269,315194
lpi_22760,"Skeena, British Columbia Canada",54.24977,-129.83266,327275
lpi_22826,"Skeena, British Columbia Canada",54.24977,-129.83266,327275
lpi_22845,"Skeena, British Columbia Canada",54.24977,-129.83266,327275
lpi_22856,"Skeena, British Columbia Canada",54.24977,-129.83266,327275
cpt_1659,Malaysia Malaysia,3.0452302,101.5919778,329847
cpt_1232,California United States,40.0657724,-79.8918436,330614
cpt_1655,Vietnam Viet Nam,11.9490528,108.4680922,331210
cpt_1689,Finland Finland,63.9102958,25.0120168,338440
cpt_1920,Finland Finland,63.9102958,25.0120168,338440
lpi_11035,"Rajasthan, India India",26.31667,76.65,342239
lpi_523,Germany Germany,51.5,10.5,357386
lpi_580,Germany Germany,51.5,10.5,357386
cpt_1216,Montana United States,32.4873968,-114.7529645,375550
cpt_1721,Montana United States,32.4873968,-114.7529645,380832
cpt_1843,Montana United States,32.4873968,-114.7529645,380832
cpt_1951,Montana United States,32.4873968,-114.7529645,380832
cpt_988,Montana United States,32.4873968,-114.7529645,380832
cpt_2290,Montana United States,32.4873968,-114.7529645,380832
cpt_2283,Montana United States,32.4873968,-114.7529645,380832
cpt_2284,Montana United States,32.4873968,-114.7529645,380832
cpt_2285,Montana United States,32.4873968,-114.7529645,380832
cpt_2286,Montana United States,32.4873968,-114.7529645,380832
cpt_2287,Montana United States,32.4873968,-114.7529645,380832
cpt_2281,Montana United States,32.4873968,-114.7529645,380832
cpt_2289,Montana United States,32.4873968,-114.7529645,380832
cpt_2280,Montana United States,32.4873968,-114.7529645,380832
cpt_2291,Montana United States,32.4873968,-114.7529645,380832
cpt_2292,Montana United States,32.4873968,-114.7529645,380832
cpt_2293,Montana United States,32.4873968,-114.7529645,380832
cpt_2294,Montana United States,32.4873968,-114.7529645,380832
cpt_2295,Montana United States,32.4873968,-114.7529645,380832
cpt_2296,Montana United States,32.4873968,-114.7529645,380832
cpt_2288,Montana United States,32.4873968,-114.7529645,380832
cpt_2282,Montana United States,32.4873968,-114.7529645,380832
cpt_2297,Montana United States,32.4873968,-114.7529645,380832
cpt_1991,Norway Norway,64.5731537,11.5280364,385203
lpi_581,Norway Norway,62,10,385203
lpi_2360,Norway Norway,62,10,385203
lpi_2358,Norway Norway,62,10,385203
lpi_524,Norway Norway,62,10,385203
lpi_2364,Norway Norway,62,10,385203
lpi_118,Zimbabwe Zimbabwe,-19,29,390757
cpt_1243,Ontario Canada,43.4475287,-80.5158618,400015
cpt_1824,Newfoundland Canada,43.6392714,-79.4427664,405212
cpt_1598,Paraguay Paraguay,-25.3658171,-57.5532286,406752
cpt_1834,California United States,40.0657724,-79.8918436,423970
cpt_1899,California United States,40.0657724,-79.8918436,423970
cpt_985,California United States,40.0657724,-79.8918436,423970
cpt_2207,California United States,40.0657724,-79.8918436,423970
lpi_3427,California United States,35,-117.83333,423970
lpi_636,Sweden Sweden,62,15,450295
cpt_1961,Heilongjiang China,48.0000047,127.999992,454800
lpi_11051,Heilongjiang Province China,45.77,126.69,454800
cpt_2006,Sumatra Indonesia,-0.1441078,101.6245609,473481
lpi_233,"Sumatra, Indonesia Indonesia",-1.06667,104.2,473481
lpi_11048,"Sumatra, Indonesia Indonesia",-0.56667,101.36667,473481
cpt_1830,Yukon Canada,65.3522755,-138.2675451,482443
cpt_1238,Texas United States,41.5350719,-77.2527545,495594
cpt_2005,Spain Spain,39.6208638,-4.4892414,505990
lpi_520,Spain Spain,40,-4,505990
cpt_1652,Thailland Thailand,15.5,101,513120
cpt_1099,Okavango Botswana,-18.6836204,22.1882531,530000
lpi_10776,Ukraine entire Ukraine,49,32,603628
lpi_521,France France,47,3,643801
lpi_576,France France,45.16667,5.71667,643801
lpi_629,France France,47,3,643801
cpt_1822,Manitoba Canada,45.5288183,-73.6161159,647797
cpt_1242,Manitoba Canada,45.5288183,-73.6161159,647797
cpt_1829,Saskatchewan Canada,53.1869562,-105.7210493,651900
cpt_1820,Alberta Canada,43.6495208,-79.4204668,661848
cpt_1944,Alberta Canada,43.6495208,-79.4204668,661848
cpt_2313,Alberta Canada,55.1,-114.8,661848
lpi_22721,Alberta Canada,52.42922,-117.30102,661848
cpt_1651,Myanmar Myanmar,16.7719058,96.1675197,676575
cpt_1879,Texas United States,41.5350719,-77.2527545,695662
cpt_999,Texas United States,41.5350719,-77.2527545,695662
lpi_4963,"Idaho, Montana and Wyoming United States",44.49667,-111.05583,850812
cpt_1601,Venezuala Venezuela,8,-66,916445
cpt_1821,British Colombia Canada,4.5,-76.01667,944735
cpt_1241,British Columbia Canada,55.001251,-125.002441,944735
cpt_1337,"Tanzania Tanzania, United Republic of",-5.95,34.89,945087
cpt_1602,"Tanzania Tanzania, United Republic of",-5.95,34.89,945087
cpt_2223,Baffin Bay Greenland,74.33,-70.6,1030000
cpt_1827,Ontario Canada,43.4475287,-80.5158618,1067000
cpt_1253,Mexico Mexico,17.9869361,-102.227958,1072545
cpt_1599,Peru Peru,-6.4758355,-76.3897334,1285000
cpt_1828,Quebec Canada,43.6707678,-79.3737474,1668000
cpt_1980,Quebec Canada,43.6707678,-79.3737474,1668000
cpt_1979,Quebec Canada,43.6707678,-79.3737474,1668000
cpt_1831,Alaska United States,32.1968287,-110.8233783,1718000
cpt_1658,Indonesia Indonesia,-6.9701379,106.9177014,1905000
lpi_234,"India, all States India",21.88333,80.66667,3287000
lpi_11049,Russian Far East Russian Federation,46.73333,136.55,6200000
lpi_605,Russian Far East Russian Federation,51.46667,117.5,6200000
lpi_492,China China,35,105,9597000
lpi_3422,United States United States,39.83333,-98.58333,9834000
lpi_3483,Canada Canada,60,-98,9985000
cpt_1593,Soviet Union Russian Federation,56.3456965,43.844463,22400000
cpt_1592,Soviet Union Russian Federation,56.3456965,43.844463,22400000
cpt_1591,Soviet Union Russian Federation,56.3456965,43.844463,22400000
cpt_1590,Soviet Union Russian Federation,56.3456965,43.844463,22400000
cpt_1589,Soviet Union Russian Federation,56.3456965,43.844463,22400000
cpt_1588,Soviet Union Russian Federation,56.3456965,43.844463,22400000
cpt_1128,Soviet Union Russian Federation,56.3456965,43.844463,22400000
cpt_1048,Soviet Union Russian Federation,56.3456965,43.844463,22400000
cpt_1047,Soviet Union Russian Federation,56.3456965,43.844463,22400000
cpt_1304,Albania Albania,41.329961,19.4692863,28748
cpt_2316,Arid recovery reserve Australia,-30.48333333,136.8833333,123
cpt_2317,Arid recovery reserve Australia,-30.48333333,136.8833333,123
cpt_1630,Astore Raikot valleys Pakistan,35.35,74.86,5092
cpt_1488,Balkan ,42.7083333,24.95,666700
cpt_1486,Balkan Albania,41.164379,20.2393345,28748
cpt_1487,"Balkan Macedonia, The former Yugoslav Republic of",41.92928,21.69195,25713
cpt_1511,Baltic Estonia,59.4405736,24.7379832,45339
cpt_1475,Baltic Estonia,59.4405736,24.7379832,45339
cpt_1477,Baltic Lithuania,55.9194944,21.0583207,65300
cpt_1542,Baltic Lithuania,55.9194944,21.0583207,65300
cpt_1478,Baltic Poland,54.3594315,18.6426764,312679
cpt_1543,Baltic Poland,54.3594315,18.6426764,312679
cpt_1632,Barakhun nullah Pakistan,36.25,74.55,2269
cpt_981,Bardia National Park ,39.86595,-75.17879,968
cpt_1672,Barrow United States,31.8558521,-102.3854749,55.6
cpt_1886,Basque Country Spain,42.9911816,-2.5543023,7234
cpt_1888,Basque Country Spain,42.9911816,-2.5543023,7234
cpt_1887,Basque Country Spain,42.9911816,-2.5543023,7234
cpt_2070,Bath County United States,43.907133,-69.820366,34.24
cpt_1585,Belarus Belarus,53.6911363,23.8240769,207595
cpt_1903,Bialowieza Primeval Forest ,53.08333333,24.20833333,141885
cpt_1162,Bosnia and Herzegovina Bosnia and Herzegovina,44.3053476,17.5961467,51197
cpt_1303,Bosnia Bosnia and Herzegovina,44.3053382,17.5961446,51197
cpt_1393,Bubiana and farms West of Bubiana Zimbabwe,-21.33333,29.93333,283.3
cpt_1394,Bubye Valley Conservancy Zimbabwe,-20.72,29.3,4046
cpt_1151,Bulgaria Bulgaria,41.6343859,25.377078,110994
cpt_1319,Bulgaria Bulgaria,41.6343859,25.377078,110994
cpt_1536,Cantabrian Spain,43.2001143,-4.8478214,5321
cpt_2315,Carnarvon Australia,-24.93333333,113.9,1000
cpt_1480,Carpathian Czech Republic,49.75,15,78866
cpt_1482,Carpathian Poland,52,20,100000
cpt_1513,Carpathian Poland,52,20,100000
cpt_1548,Carpathian Poland,52,20,100000
cpt_1483,Carpathian Romania,47.0005707,25.5017192,100000
cpt_1514,Carpathian Romania,47.0005707,25.5017192,100000
cpt_1549,Carpathian Romania,47.0005707,25.5017192,100000
cpt_1516,Carpathian Slovakia,48.66667,19.5,100000
cpt_1563,Carpathian Slovakia,48.66667,19.5,100000
cpt_1963,China China,34.05,104.2,10000000
cpt_1636,Chitral Gol National Park Pakistan,35.9106741,71.7319647,77.5
cpt_1648,Colorado United States,39.6796152,-104.9376995,269837
cpt_1650,Colorado United States,39.6796152,-104.9376995,269837
cpt_1255,Colorado United States,39.6796152,-104.9376995,269837
cpt_1305,Croatia Croatia,45.8012583,15.8976449,56594
cpt_1699,Curlew Valley United States,36.6202923,-121.9375712,100
cpt_1306,Czech republic Czech Republic,49.8167003,15.4749544,78866
cpt_1392,Debshan Ranch/De Beers Cattle Section and neighbouring farms Zimbabwe,-18.81,28.35,566.5
cpt_2206,Dinaric ,43.95,16.58,200000
cpt_1565,Dinaric-Balkin Bosnia and Herzegovina,44.25,17.83333,100000
cpt_1566,Dinaric-Balkin Bulgaria,42.66667,25.25,100000
cpt_1567,Dinaric-Balkin Croatia,45.16667,15.5,100000
cpt_1568,Dinaric-Balkin Greece,39,22,100000
cpt_1569,"Dinaric-Balkin Macedonia, The former Yugoslav Republic of",41.66667,21.75,100000
cpt_1570,Dinaric-Balkin Serbia,44.81892,20.45998,100000
cpt_1571,Dinaric-Balkin Slovenia,46.08333,15,100000
cpt_1521,Dinaric-Pindus Bosnia and Herzegovina,44.25,17.83333,100000
cpt_1522,Dinaric-Pindus Croatia,45.16667,15.5,100000
cpt_1523,Dinaric-Pindus Greece,40.08489,20.92517,100000
cpt_1528,Dinaric-Pindus Slovenia,46.08333,15,100000
lpi_598,"Doñana National Park, Spain Spain",36.98778,-6.40667,543
cpt_2181,Dormod Aimag Mongolia,47.5,115.4,123597
cpt_2183,Dormod Aimag Mongolia,47.5,115.4,123597
cpt_2182,Dormod Aimag Mongolia,47.5,115.4,123597
cpt_1719,East-central Alaska ,64,-143,100000
cpt_2276,eastcentral Ontario Canada,46.75,-79.33333333,10000
cpt_1890,Eastern Cantabrian Mountains Spain,43,-5,8053
cpt_1390,Eastern Iceland Iceland,39.3748889,-120.0234606,22721
cpt_1320,Estonia Estonia,59.4497658,24.8368096,45226
cpt_1958,Europe ,51,10,10000000
cpt_1959,Europe ,51,10,10000000
cpt_1780,Fairbanks United States,38.8657356,-120.6702065,84.49
cpt_1395,Farms and communal land southwest of Bubye Valley Conservancy Zimbabwe,-21.096,28.86,3000
cpt_1921,Finalnd Finland,64,26,338440
cpt_1690,Finland Finland,63.9102958,25.0120168,338440
cpt_1307,Finland Finland,63.9102958,25.0120168,338440
cpt_1461,Finland Finland,63.9102958,25.0120168,338440
cpt_1460,Finland Finland,63.9102958,25.0120168,338440
cpt_1455,Finland Finland,63.9102958,25.0120168,338440
cpt_1446,Finland Finland,63.9102958,25.0120168,338440
cpt_13,Finland Finland,63.9102958,25.0120168,338440
cpt_19,Finland Finland,63.9102958,25.0120168,338440
cpt_20,Finland Finland,63.9102958,25.0120168,338440
cpt_1459,Finland Finland,63.9102958,25.0120168,338440
cpt_1456,Finland Finland,63.9102958,25.0120168,338440
cpt_2220,Finland Finland,63.9102958,25.0120168,338440
lpi_582,Finland Finland,64,26,338440
lpi_628,Finland Finland,64,26,338440
cpt_1819,Flathead River ,49,-114.5,3000
cpt_2038,Flathead river ,49,-114.7916667,3000
cpt_2039,Flathead river ,49,-114.7916667,3000
cpt_2299,Flathead river ,49,-114.7916667,3000
cpt_2096,Flathead river ,48.2705548,-114.2209481,3000
cpt_1308,France France,48.9657979,-1.4427483,643801
cpt_1586,Germany Germany,51.0834196,10.4234469,357386
cpt_1633,Ghizer Pakistan,35.9233297,74.3029549,1000
cpt_1070,Gir Region India,21.14,70.78,3755
cpt_1788,Glacier National Park United States,48.915838,-122.001577,4101
cpt_1405,Gonarezhou National Park Zimbabwe,-21.677505,31.7740702,5053
cpt_1321,Greece Greece,35.4674829,24.1529474,131957
cpt_2033,Hochstetter Forland Greenland,75.61667,-20.5,1000
cpt_2032,Hold with Hope Greenland,73.75,-21.08333,2926
cpt_1322,Hungary Hungary,47.1817585,19.5060937,93030
cpt_1391,Hwange National Park Zimbabwe,-19.1890212,26.740061,14651
cpt_1167,Iguaz National Park ,-25.648316,-54.2857469,677
cpt_2094,Isle Royale United States,30.155633,-97.787027,535.4
cpt_1572,Italian peninsula Italy,42.5040915,12.6838565,131337
cpt_1309,Italy Italy,45.0249632,7.6718367,301338
cpt_2031,Jameson Land Greenland,71.1666667,-23.5,1000
cpt_1639,Kaghan Valley & Dodopat National Park Pakistan,34.54,73.35,890
cpt_1637,Kalam Pakistan,34.31956,72.54724,1000
cpt_1634,Karambar Pakistan,36.8821609,73.6715269,2.634
cpt_1509,Karelian Finland,62.6199913,29.7432237,100000
cpt_1510,Karelian Norway,62,10,100000
lpi_9950,Kidepo Valley National Park Uganda,3.88278,33.87444,1442
lpi_9951,Kidepo Valley National Park Uganda,3.88278,33.87444,1442
cpt_1323,Latvia Latvia,55.6806895,26.6303595,64589
cpt_1356,Latvia Latvia,55.6806895,26.6303595,64589
cpt_1355,Latvia Latvia,55.6806895,26.6303595,64589
cpt_2307,Latvia Latvia,56.85,25.37,64589
lpi_586,Latvia Latvia,57,25,64589
cpt_1673,Lisburne United States,68.8705599,-166.1503433,100
cpt_1310,Lithuania Lithuania,55.6806532,26.6303355,65300
cpt_1311,"Macedonia Macedonia, The former Yugoslav Republic of",41.66667,21.75,25713
cpt_1641,Machhiara National Park Pakistan,34.56,73.61,13.9
cpt_1401,Malilangwe Zimbabwe,-20.57,32.096,400
cpt_1398,Mana Pools National Park and shoreline along the northern boundary of Hurungwe and Sapi Zimbabwe,-15.93,29.46,6766
cpt_1408,Manicaland Zimbabwe,-19.0188422,32.368889,36459
cpt_1174,Manitoba Canada,54.83333333,-82.2,647797
cpt_1406,Mashonaland Central Zimbabwe,-16.742872,31.2952086,28347
cpt_1407,Mashonaland East Zimbabwe,-17.7927323,31.7678044,32230
cpt_1402,Matetsi Zimbabwe,-18.3461958,25.9029693,550
cpt_1399,Matusadona National Park Zimbabwe,-17.0222214,28.3980016,1400
cpt_1791,Mednyi Island Russian Federation,55.3,166.8666667,186
cpt_1792,Mednyi Island Russian Federation,55.3,166.8666667,186
cpt_1397,Midland Rhino Conservancy (Sebakwe) Zimbabwe,-18.97,30.11,100
cpt_1629,Minimerg Pakistan,34.79,75.07,100
cpt_1324,"Moldova Moldova, Republic of",47.25,28.58333,33846
cpt_1752,Mole National Park Ghana,9.975,-2.15,4840
cpt_1165,Montenegro Montenegro,42.74,19.14,13812
cpt_1582,Nebraska United States,35.1177919,-90.0602105,200520
cpt_1016,Nebraska United States,35.1177919,-90.0602105,200520
cpt_1583,Nebraska United States,35.1177919,-90.0602105,200520
cpt_1611,Nepal Nepal,26.8092952,87.2911417,147516
cpt_1621,Nepal Nepal,26.8092952,87.2911417,147516
cpt_1622,Nepal Nepal,26.8092952,87.2911417,147516
cpt_1623,Nepal Nepal,26.8092952,87.2911417,147516
cpt_1612,Nepal Nepal,26.8092952,87.2911417,147516
cpt_1624,Nepal Nepal,26.8092952,87.2911417,147516
cpt_1613,Nepal Nepal,26.8092952,87.2911417,147516
cpt_1610,Nepal Nepal,26.8092952,87.2911417,147516
cpt_1614,Nepal Nepal,26.8092952,87.2911417,147516
cpt_1617,Nepal Nepal,26.8092952,87.2911417,147516
cpt_1616,Nepal Nepal,26.8092952,87.2911417,147516
cpt_1605,Nepal Nepal,26.8092952,87.2911417,147516
cpt_1615,Nepal Nepal,26.8092952,87.2911417,147516
cpt_1618,Nepal Nepal,26.8092952,87.2911417,147516
cpt_1607,Nepal Nepal,26.8092952,87.2911417,147516
cpt_1608,Nepal Nepal,26.8092952,87.2911417,147516
cpt_1609,Nepal Nepal,26.8092952,87.2911417,147516
cpt_1647,New Mexico United States,36.0652997,-94.1473269,315194
cpt_1254,New Mexico United States,36.0652997,-94.1473269,315194
cpt_1938,"Ngorongoro crater Tanzania, United Republic of",-3.18,35.55,8292
cpt_1168,North America (Excluding Mexico and Alaska) ,40.87589,-81.40234,24000000
cpt_1893,North and South Dakota United States,45.008693,-100.24672,380000
cpt_1159,Northeast and Northwest Slovenia Slovenia,46.08333,15,20271
cpt_2042,northeastern Minnesota ,48,-92,225181
cpt_2023,Northern continental divide ecosystem ,48.2,-113.5,23050
cpt_1949,Northern Finland Finland,66.6044902,26.6287726,100000
cpt_1312,Norway Norway,64.5731537,11.5280364,385203
cpt_1400,Nuanetsi Ranch cattle and wildlife section Zimbabwe,-21.61,30.96,1480
cpt_1578,NW Iberian Portugal,39.6945,-8.13057,100000
cpt_1577,NW Iberian Spain,37.3767208,-5.9962894,100000
cpt_1175,Ontario Canada,54.83333333,-82.2,1000000
cpt_1988,Oppdal Norway,59.607636,11.2853283,2274
cpt_1987,Oppdal Norway,59.607636,11.2853283,2274
cpt_1965,Pacific Northwest ,45.84,-120.48,100000
cpt_1638,Palas Valley Pakistan,35.099908,72.999045,10000
cpt_1277,Patharia Hills Reserve Forest India,24.63333333,92.25,76
cpt_1387,Patharia Hills Reserve Forest India,24.63333333,92.25,76
cpt_1388,Patharia Hills Reserve Forest India,24.63333333,92.25,76
cpt_1313,Poland Poland,50.5458303,19.3725579,312679
cpt_1325,Portugal Portugal,37.4005123,-8.3156107,92212
cpt_1535,Pyrenean ,42.72,-0.05,116399
cpt_1314,Romania Romania,45.0850284,23.0704967,238397
cpt_1751,Royal Botanic Gardens Cranbourne Australia,-38.1286245,145.2859917,3.63
cpt_2322,Santa Cruz island ,34,119.75,250
cpt_1396,Save Valley Conservancy Zimbabwe,-20.3013975,32.0982514,3035
cpt_1147,Scandanavia GLOBAL,62.27,12.84,3425804
cpt_1071,Scandanavian peninsula ,63.83333333,18,3425804
cpt_1507,Scandinavian Norway,59.91378,10.745927,385203
cpt_1472,Scandinavian Norway,59.91378,10.745927,385203
cpt_1508,Scandinavian Sweden,55.6066564,13.0208949,450295
cpt_1473,Scandinavian Sweden,55.6066564,13.0208949,450295
lpi_10765,"Serbia & Montenegro Serbia, Montenegro",43.95,20.86667,102000
cpt_2084,"Serengeti plains Tanzania, United Republic of",-2.33,34.83,30000
cpt_2083,"Serengeti woodlands Tanzania, United Republic of",-2.33,34.83,30000
cpt_1631,Shigar Pakistan,34.6766459,75.8014606,1000
cpt_1579,Sierra Morena Spain,39.5603408,-3.4260443,1000
cpt_1640,Siran Nalla Pakistan,32.79,74.28,1000
cpt_1326,Slovakia Slovakia,48.1936947,17.2607227,49035
lpi_626,Slovakia Slovakia,48.66667,19.5,49035
cpt_1315,Slovenia Slovenia,45.8133113,14.4808369,20271
cpt_1922,Slovenia Slovenia,45.8133113,14.4808369,20271
cpt_1156,South Romania Romania,45.0850284,23.0704967,100000
cpt_2323,"southern Beaufort Sea, ",71.56,-144.64,1000
cpt_1950,Southern Finland Finland,60.6697019,24.5080308,34378
cpt_1809,Southern Texas United States,31.9909783,-102.0712974,100000
cpt_1149,Southwest Coast Greece Greece,39,22,1000
cpt_1069,Soutpansberg Mountains South Africa,-29.44031,23.02217,66443
cpt_1316,Spain Spain,39.6208638,-4.4892414,505990
cpt_2186,Spain Spain,39.6208638,-4.4892414,505990
lpi_29,"sub-saharan Africa Namibia, Botswana, South Africa, Tanzania, United Republic Of, Kenya",-10.91417,23.99833,24345888.24
cpt_2240,sub-tropical China China,35,105,100000
cpt_982,Suklaphanta National Park ,28.9234554,80.3153584,305
cpt_2261,Sumava Mountains ,49.1,13.1,680
cpt_1317,Sweden Sweden,59.6749712,14.5208584,450295
cpt_1171,Sweden Sweden,59.6749712,14.5208584,450295
lpi_591,Sweden Sweden,62,15,450295
cpt_1318,Switzerland Switzerland,46.7985624,8.2319736,41285
cpt_1786,Switzerland Switzerland,46.7985624,8.2319736,41285
cpt_1785,Switzerland Switzerland,46.7985624,8.2319736,41285
cpt_1404,Tuli Circle Zimbabwe,-21.9294755,29.1936401,100
cpt_1327,Ukraine Ukraine,49.277459,23.504343,603628
lpi_587,Ukraine Ukraine,48.3,25.93333,603628
cpt_1740,Union of Soviet Socialist Republics ,60,98,22400000
cpt_1769,Vassfaret Norway,60.5,9.5,704.5
cpt_1403,Victoria Falls Zimbabwe,-17.9238839,25.8517248,23.4
cpt_2259,Waza National Park Cameroon,11.58333333,15,1700
cpt_1161,West Coast Albania Albania,41,20,1000
cpt_1166,West Turkey Turkey,37.8865688,44.0242656,100000
cpt_1889,Western Cantabrian Mountains Spain,43,-5,100000
cpt_1389,Western Iceland Iceland,39.3748889,-120.0234606,9554
cpt_1808,Western Texas United States,33.1148588,-96.9248192,100000
cpt_1649,Wyoming United States,39.1181681,-75.5588139,253000
cpt_1256,Wyoming United States,39.1181681,-75.5588139,253000
cpt_1635,Yarkhan River Pakistan,36.88,73.23,100
cpt_1767,Yellowstone National Park United States,44.6200885,-110.5607575,8991
cpt_1768,Yellowstone National Park United States,44.6200885,-110.5607575,8991
cpt_1943,Yellowstone National Park United States,44.6200885,-110.5607575,8991
cpt_2263,Zimbabwe Zimbabwe,-18.4554963,29.7468414,390757
